30453
89591
33239
34462
65411
20551
53065
29562
96267
44599
90011
62731
19314
40915
45212
83481
66375
70470
94189
12341
98491
58447
48320
77027
55663
39047
48616
72012
86822
45709
91418
85126
83641
76216
8994
23207
40513
12948
22172
11663
51544
38596
11383
82366
7056
66604
64323
90744
35246
96850
32601
84634
58906
30952
54100
29418
87621
74577
15667
34639
36675
84069
90864
87488
41891
66656
34415
1397
86538
34981
72442
75200
63924
89351
76666
15618
93893
23979
14788
25459
22913
28007
82226
86505
96092
90708
25932
25258
93927
6501
81280
33062
97969
16877
93415
22303
73395
1179
12494
80680
70397
92912
20169
29819
34178
48901
96340
17849
23562
21988
93188
6948
78137
16012
18023
50740
96764
18597
18707
53348
16203
86498
1979
37671
12415
62404
78230
2961
15602
40016
7372
53049
40424
37950
29670
77174
98158
22730
28208
95835
50917
48100
87350
29947
81148
69160
43173
18272
62210
51644
41284
55728
98365
64650
89167
24799
27071
5274
54569
96906
42764
90391
19718
234
73034
44662
42093
13375
36913
88731
64690
32819
82467
634
76187
26749
39141
12206
67303
2461
29055
88679
86135
36183
36613
84388
26996
28541
34917
18562
66779
64606
210
54493
12026
29256
65989
42545
25700
24857
31573
74185
33957
68123
28864
98448
51064
84332
66131
12148
58992
52831
55189
7830
82978
26163
40213
26120
17957
1706
80750
7441
53517
18710
59967
63983
87772
40924
13555
26344
84456
82422
43619
47000
85487
78001
46986
71844
20322
46248
18156
345
984
63105
16580
25874
80772
92670
41672
43705
37336
8235
42995
28592
24451
31316
53853
37190
55011
36771
16296
24219
56307
38138
42465
25442
56139
18676
23937
4544
30405
56389
37812
32579
11936
37961
11900
22033
75716
13395
31653
10601
27680
56302
49421
82607
55968
55862
33638
86591
88881
2143
16036
62270
30895
33697
90272
6516
23274
9476
10654
21568
82079
99776
25789
69744
70679
63931
60676
63306
81212
5816
9769
37862
88825
88495
35303
66869
78123
15941
547
15392
75344
75548
49171
28533
41998
9083
88077
13999
24612
53951
63927
1805
86123
76906
65305
92
46397
95719
58525
99694
4843
6975
74333
64266
43843
64682
76423
52299
65038
66435
52408
74479
97284
6908
25956
53859
61456
56933
41031
43200
33821
73269
56259
55513
83200
69928
23119
75252
84229
20
48874
60525
3582
39043
13969
65849
83362
61306
9254
28151
13379
64568
91399
14533
39594
78969
77641
50100
2885
64811
35869
24789
77204
99218
38727
47103
30640
79846
2039
68441
63629
94115
1608
55574
66559
40576
18186
98952
58773
41606
93297
80253
14875
33482
38469
36967
65449
83187
4639
1312
44679
41172
42529
1314
54917
41705
77779
36967
63864
81377
48496
79899
34916
65773
20207
94725
48696
33047
42919
56269
33752
70843
53430
68871
20925
44855
57001
69621
22423
94408
12290
77556
76409
71492
32870
10556
42709
63572
41906
21995
38026
24695
92478
88669
91114
56208
86885
87776
51844
4445
48387
71802
86867
23349
89813
36332
29253
22389
31608
3328
52571
95117
10345
49831
45329
32096
84239
48780
35237
22355
58079
81172
57425
2809
16212
1906
17824
58211
24046
34358
41173
85120
92337
4907
31661
24765
67883
49848
85736
61783
17382
96274
13750
91413
48206
69114
43627
49499
31796
99794
36848
93512
34345
20735
87959
20519
24288
67197
58795
94974
49355
84431
51176
41695
54249
8529
53409
47875
61124
41277
42309
18648
71919
20431
2789
75768
88464
55315
28121
86875
2843
33289
34297
20810
21532
23179
86698
4649
40955
22726
5454
75822
15438
63211
23212
91431
44752
23481
26565
25715
93314
55960
2236
42857
28298
49756
31697
39951
57199
42503
47243
90410
96062
83546
3951
73568
40681
8633
20508
44245
36644
61923
87283
59294
20454
29024
83368
69747
94885
76573
25390
30699
65188
68535
6118
15664
13401
61936
27614
78587
53188
74383
6855
28531
35006
46534
15785
79190
71961
23598
9920
41217
75875
37107
50750
74580
93741
45704
58255
48515
81261
93436
11785
35390
23632
42943
91892
18722
80647
6949
11507
8067
76444
76791
13659
56616
23441
40724
31522
82760
11473
71603
40926
96786
60937
24779
12622
21270
70176
47838
46458
39414
80877
52844
7298
27165
48620
56857
75874
50020
85778
10141
27124
82606
72726
70629
57739
90726
69803
89222
27374
73643
75512
25797
9744
47146
76700
74749
71098
68713
32283
12290
74356
46073
17264
69346
43752
53625
4325
79154
1659
307
56648
82850
26931
46297
93432
95627
85171
46025
29954
46898
22506
97185
26936
95457
57612
71806
37000
18629
95526
35912
56624
55810
78109
99287
96149
76249
57290
76062
75861
64371
66769
8960
22239
79137
31643
72001
95493
25883
68719
29356
74554
25988
17858
78524
99601
2214
51852
13316
30312
79393
85668
88388
23320
31760
53197
70235
38936
62737
91181
75658
34016
84127
6009
38860
88987
97703
84004
79397
45478
37064
36262
40653
8733
44319
93566
60860
21729
75316
91061
1471
20834
69742
26418
37029
73555
42840
63520
94335
7014
78265
61905
44935
79732
8245
87009
33656
98307
67621
3837
50447
39022
69539
64748
37367
61767
36096
2627
22975
5097
44688
80336
48685
67643
85354
56242
24405
76047
6605
56763
31980
37182
14917
39594
83276
33610
15062
63605
93455
57534
97253
83186
60129
59109
57391
81720
66616
96517
70915
10870
64062
18842
12771
687
73474
79376
39549
68598
79732
76817
58044
98305
82398
51824
12776
47045
42063
7464
55025
9688
65507
82133
55086
96533
85021
15189
24324
76193
8710
47019
21372
86328
52892
65257
88743
25245
62778
79710
86140
80306
6705
80772
56153
42915
60746
81498
20621
51266
69034
32076
61746
81221
98130
74204
80617
94030
57333
53270
8693
536
63529
518
47051
90893
79819
52646
94948
44805
3758
92324
7396
97982
50933
94398
63983
90451
42344
70391
49151
86597
51033
3169
90733
84225
61038
98157
86677
77353
89448
53106
72430
97677
46349
69862
77688
47194
34667
31163
39072
52237
37399
7262
1679
90498
45904
53680
65468
64139
72810
63654
61541
85571
18270
66983
37378
85549
77837
36920
77243
65047
20065
6168
76766
86286
80223
33475
88401
75341
83569
79107
57071
70640
35447
84958
21349
94673
18309
81059
95144
64532
22440
43922
93572
41107
49732
86563
42496
19480
53925
42432
94257
55831
62278
47744
34406
58574
50558
59842
6130
96741
43140
8991
46368
44212
35887
64142
85442
91301
14223
58570
63008
87961
41686
17156
76146
51433
20460
35569
79895
78446
10672
22724
29599
20804
91864
82294
42184
16463
31893
5441
85907
53650
3340
51843
66415
49356
65955
44338
73990
96702
55753
28804
15839
20524
57143
90864
75491
59926
59409
5941
24779
88577
97317
367
26200
30263
28956
2866
46811
88525
41573
94054
83610
22031
49829
20898
88341
84934
68709
64986
35192
19975
28505
51222
15395
67129
49433
99183
80761
42160
68562
95298
37422
56373
89871
83071
60995
72098
14710
99515
15263
7877
73386
60813
57776
54312
89406
59499
36736
1038
12926
24887
56911
22702
86063
23540
82148
89398
72146
17577
62086
412
78238
30252
48040
80214
41943
62800
50923
15923
95765
51218
28150
9348
59784
89800
25683
35983
26884
20028
34174
7445
61890
33617
65916
61013
44781
99730
73614
56640
72063
52445
67184
32729
52292
33335
72511
82476
76122
70780
96687
15110
75811
11650
87212
33157
44761
94166
65297
82747
99750
46514
3428
54079
85605
54168
9217
92017
85132
91462
634
70249
23639
1704
76687
66473
98003
40485
38600
92879
23734
77257
5320
19895
94004
60063
98107
31318
75399
19772
4039
57871
14060
34288
75011
72595
36049
24285
51043
26709
2169
80355
68937
19849
18415
64051
9477
75175
6079
44497
15557
40099
95277
11663
48312
80389
64645
71306
72530
90482
28628
64653
59242
53742
2055
42176
21824
30021
97828
69
90141
30636
84305
75385
3321
15058
88305
38569
86612
61910
14371
68495
26314
30312
65520
57517
5021
44213
53561
52526
85507
82594
17770
28338
16653
17815
76307
6027
93814
64232
59127
54856
72344
51137
7627
43832
45159
78571
64938
51815
85932
22770
78682
44003
27387
57817
18407
6570
46077
89488
4841
25219
76778
7238
97140
83823
22744
62104
13181
74857
90835
69939
92824
44864
50248
83561
81158
7402
11225
17267
60834
90252
26422
80829
57244
92524
69352
67724
36369
4009
40939
10199
99649
53513
65135
47641
5995
65271
24777
74803
66840
86735
69440
25776
61744
45598
94447
42462
90828
54755
66990
37076
90003
9564
87545
6356
56359
37137
81235
36961
27276
30412
44273
85171
3620
84191
33907
86434
55603
8435
68824
11950
25130
97609
12058
80064
26685
91048
17385
36585
95344
65567
4557
40646
937
29357
45576
9524
68645
21514
67605
50820
16918
36173
73070
86139
18506
14915
84645
61322
37745
64846
41743
23674
67003
651
1795
98519
16623
3358
3773
19645
50869
68290
32172
95194
51712
57051
27650
70379
57248
45976
39057
76855
12415
78303
48941
50150
16757
34943
17070
81400
29640
86261
92698
54017
39428
94625
61200
90520
92718
14199
73750
48659
5901
98905
16410
90935
33775
76638
67145
61283
81921
72558
7782
89487
8532
32500
94504
2856
14163
14881
35982
64440
80792
83130
9187
88847
38887
15627
30070
40021
83075
25157
93270
60904
43239
66510
80574
39656
24291
22349
46878
88055
15211
56899
52938
1466
33106
65905
42277
84347
52562
22142
39553
97597
66900
87186
90976
14544
50814
3843
96350
12613
56929
23324
5152
82515
10406
1922
30490
43377
19177
84664
6367
83399
61783
56833
17162
75975
12400
89253
7358
47719
42397
88323
94155
20852
286
2075
29266
19128
63793
33420
67737
65313
10808
67957
5
97797
86563
36540
94061
30288
6043
94993
11280
80080
73068
45467
39720
95116
8722
72262
56637
44821
27115
46211
91648
66240
44908
81569
53087
54171
25820
59556
47683
86028
60629
6709
20050
12806
68148
53717
69168
96619
91631
15349
78805
70739
41939
35822
50654
60600
38925
30841
59785
88876
74048
6774
10649
63895
11466
28260
86288
30261
12350
76964
21162
86626
24395
5452
78636
82498
56630
27593
337
79414
63036
2733
5263
54566
51007
49191
42327
35803
46938
21820
26214
2646
6662
41827
5940
25488
24503
16639
8078
34371
89686
67394
72341
20134
52270
70893
81587
90711
33829
99647
34504
45126
94217
38546
80056
99313
91830
4357
78940
69803
22462
92197
18055
70644
31809
7205
20632
67531
1349
90744
35054
64784
92503
38405
23511
30366
54332
77191
93233
98806
7335
14256
11887
67743
99328
36271
94215
96197
42232
67210
88572
66394
97364
42368
28099
70354
1104
3298
70333
90986
59481
19619
57940
21719
12217
39154
14576
38971
49465
62426
90678
63203
30532
98609
45355
36092
97080
90292
31388
62170
73088
42314
57681
50389
82788
95021
22785
4121
48351
37651
69527
91619
37490
47709
67336
87559
51741
44278
54572
37796
26139
95836
72058
85423
13481
37039
34015
61761
75827
85036
28175
7957
37252
25510
59525
98777
45281
81125
17064
78940
74296
80781
50181
99301
56237
16806
24979
62141
99077
67814
50407
67884
6866
23896
92354
86223
79425
73622
43911
36650
41466
42054
16489
59855
43085
45993
66645
44992
40222
10608
67002
46410
90738
67811
48672
64881
58420
28924
5565
87538
60082
80956
51976
31401
76699
85423
36021
30070
28450
74862
72912
49572
39460
12494
77828
89685
36905
60349
51373
33053
75910
78846
73734
69371
73896
81464
54249
65638
48866
359
74499
8465
41427
24100
21220
42809
3221
28382
47635
62500
23286
304
18886
14621
80317
90645
32908
15888
90330
13796
93041
51877
95868
51308
20664
65623
12953
24074
24374
43063
42994
17314
41782
51070
15808
47283
95165
53542
94955
46114
59942
20253
10132
86644
11162
73297
47619
73955
70610
35027
26398
87120
27120
95231
65369
11505
31870
89159
66660
22277
58333
24568
1203
5546
7195
26310
41737
71301
90073
74137
79650
18315
54372
96739
59235
31461
95944
89065
40444
98801
92460
47346
13371
10266
80030
63380
93637
44607
36143
97694
94736
6482
18985
85862
65942
54218
97462
293
40663
96025
95458
47897
26772
94763
33311
36132
48877
80068
84529
10741
82230
44201
40370
9572
36026
10363
28266
17959
69116
63327
66950
69824
21386
694
93417
3462
2769
69396
33043
37133
8868
40409
13159
12346
77413
77239
67257
41166
17516
22414
84909
56712
32801
50265
52378
11935
72462
88902
98138
65406
18950
61563
51365
55112
84613
90249
7906
80127
21251
10799
88012
16199
73423
32731
92654
52375
2019
67056
55562
42130
56148
19262
66558
48248
75212
53924
36209
58189
49729
6546
81356
62237
91278
47274
70078
25106
3661
18613
24208
39477
11013
30625
53042
31439
30857
76249
25447
48752
79479
4355
67461
44965
91356
43056
21445
43780
14785
19537
64547
75303
34626
14719
55072
34715
76425
23551
82390
5822
38117
70367
92855
61310
91081
80139
81640
91900
5582
29550
25916
39137
77120
77403
2258
35792
26103
24316
52586
50081
15341
91723
89980
32144
82223
52442
33313
66959
59658
36825
8654
47832
55246
89077
93424
47600
45356
35484
16522
60641
2819
37302
80574
17750
32726
96681
73602
82813
16974
31135
79372
13872
28228
42961
70862
30927
49958
4971
39192
24901
53108
27270
17955
51400
43833
27276
70400
584
88116
81165
25714
62944
38027
19419
74801
36881
8783
51765
77188
70006
77703
35208
42276
76865
85915
37771
92814
89750
84166
49701
34319
25721
73289
91865
61730
18002
85467
93787
28780
1801
20218
35703
67530
81605
1534
30499
38315
77569
15945
52044
91408
62800
28079
52184
85320
68860
99072
70100
52794
66051
56004
80517
63455
52985
39633
73006
21848
1830
98659
94926
22450
22383
49195
4299
78707
78054
30221
38754
12682
96117
68267
42530
27672
40158
76854
15799
80027
13929
74115
89417
99551
75080
6356
81304
45247
81605
43933
66072
65603
84867
68427
93992
104
6864
17353
18703
37518
19507
20760
87157
46264
37897
94748
84622
38697
10831
32548
53544
70343
20590
76721
39704
35986
76383
67147
8759
95639
50709
34805
35098
60099
9333
54720
15322
83569
81638
93057
11035
26856
36409
73479
96048
81309
76473
60287
39143
75099
38041
91177
3973
75112
78566
45113
64250
43579
29876
25578
27290
83724
45619
86031
50350
89191
26020
76043
88597
70751
90009
1245
70034
77136
43762
67393
99204
57461
94131
17862
75780
98206
34880
56279
62823
74016
94149
51624
95484
43219
41645
69558
68570
95967
23864
10089
88262
21340
33405
19639
23640
1376
58568
71173
46134
91494
14587
95296
67340
14297
35290
75196
18613
890
95661
28952
25019
70356
2686
57961
31108
66707
59165
83320
23901
5884
74560
72526
43359
16226
56930
277
26916
27630
28253
92633
64400
41832
26944
57543
37544
63495
1167
97570
61145
37891
16172
61606
80078
76206
82709
99434
54913
73104
7325
45843
95306
18148
42122
41526
44985
29512
92170
43236
81353
48658
6644
68805
46195
3029
1662
80138
41528
11853
83897
9678
15041
80293
51029
68997
98795
90252
86539
1326
43807
12868
3468
77601
10491
97311
55230
54302
8992
53969
9101
82912
35372
49642
70290
93532
22481
14950
17390
82675
44365
16097
96676
25445
31620
40584
71784
46748
68996
53887
99621
24164
13399
73720
47496
61434
91926
61353
53037
69998
37452
7185
80733
91719
57060
98842
74402
45590
60973
38234
8311
17475
81213
54802
51856
77486
9765
16660
72558
89822
13881
44949
47859
13324
34580
98832
77413
62468
67885
12604
18011
6085
42595
24732
43451
53471
53854
13057
92349
15402
15574
47097
31805
19838
6445
69670
6351
59076
9116
62424
50946
57737
52920
46282
9579
98494
78668
39610
17379
38995
2672
42764
84337
93993
53122
35797
10373
84388
60796
56459
66426
10593
68552
60609
70067
97907
11092
54630
99872
83783
29117
24052
58082
595
93913
56473
78930
10140
14245
26249
90020
75870
81592
57611
47967
17235
63183
61476
80101
37982
97336
31902
33559
7574
26101
18868
72054
52743
93967
20233
52041
59942
89030
14353
88191
32972
47164
38994
29231
26760
44945
5073
33932
75263
88331
72841
76614
62329
83280
9926
25054
92403
74372
4938
7495
25525
74972
6147
9795
96662
22188
98837
35439
77199
46906
80736
92203
39402
27348
728
88276
95556
75003
19565
43513
25607
8549
36842
42162
73128
16080
74758
52359
57102
12497
79541
15463
41980
22844
35717
5135
36146
7376
80251
73034
42845
92366
18491
96980
29482
69865
78809
35954
28291
82897
66369
49197
37667
58201
96250
77020
35335
6754
77160
59320
13858
88352
69017
84913
31535
26648
79716
90164
78486
82291
90642
64199
41069
38897
75610
52326
74725
33111
90556
50777
82693
88125
58816
11929
57863
39109
87125
60815
27307
39850
23195
27623
80841
11859
74918
57207
93134
46305
17219
19832
57256
33555
69290
33352
24547
57777
71616
79063
67913
59001
72954
16391
7101
18918
49728
68471
89890
74469
98316
17251
79477
28644
45428
96350
57096
39510
1128
44770
99597
72802
87542
550
71925
87114
65575
71151
94158
20686
51046
75698
52836
41259
94887
82382
74240
35136
92242
66124
86137
48519
9049
11851
96490
56359
47952
16245
50817
77996
32146
37803
79008
61282
17781
57526
24601
22712
17536
32719
56919
69424
30546
4963
98311
69102
88575
78567
49959
61030
95313
47516
98466
72505
5958
78407
60577
23169
18102
9620
89952
66369
14165
808
34028
81194
30368
7008
32853
72734
95747
66290
16561
40355
76883
61436
99350
50833
3431
34285
89748
62203
10544
71076
16800
4191
57563
54296
11393
24644
23293
23835
36124
61288
30738
76642
15313
78173
32934
35788
90599
23222
43777
5604
77972
25726
56664
8269
91174
51911
9487
47425
87848
43584
31968
92114
65918
54024
36650
17361
60568
89140
92277
76772
60821
96275
60309
56681
43601
54075
93432
71143
40211
38189
83324
34254
49411
35119
13270
74682
26669
90435
57942
98524
46825
95459
34793
36382
75150
4072
72456
17261
61768
69732
12362
78386
26891
94553
27520
96840
50812
55266
626
84024
15514
30172
34120
65318
28397
90633
52533
69234
80353
72325
97064
26186
69662
29158
12848
94817
17563
55457
58506
62778
76063
25786
24475
90404
6719
39235
62734
76763
17467
57552
97912
33555
77274
42345
64245
85778
82770
3815
8716
49601
62461
16460
80285
49041
55149
49864
78598
59623
29399
29567
68275
7007
97958
16779
8074
67637
53780
13604
5357
90112
93218
99071
92837
63331
39675
20979
53865
21410
18301
54310
1142
20091
6091
95084
73636
86155
15455
1872
19550
76956
54720
52400
7215
2737
54122
45296
28829
65724
71526
6679
21091
40989
37936
3962
67612
88720
48837
99275
59962
6759
96942
91617
93951
58369
28212
14341
90929
53699
77875
42917
92742
91285
64043
85368
29674
50662
46596
75624
10898
69723
50210
68820
79253
10145
53359
88732
95958
21573
64838
84620
76729
54419
18447
4628
66250
28725
68010
99697
2945
41494
17242
87357
18770
1345
76427
38100
32159
52302
43011
48802
42374
70676
86127
22640
86585
34099
7011
14407
31710
73678
3012
91289
12542
3623
88276
95874
41277
23548
34516
25635
75725
9129
24457
38220
49431
88987
21454
47504
78026
8380
49386
74831
79440
82002
54914
14063
62778
22688
24750
34891
93089
11918
38366
36973
65622
33211
13453
91011
14937
23834
53566
60813
31101
23338
64224
87212
21158
82522
20248
10265
55408
87205
13428
32589
18479
33787
50806
58521
80700
5150
31281
81891
86356
45626
95475
67858
54930
64207
27897
57048
12099
86516
85350
28514
95038
55066
22023
23091
25813
60221
11089
85904
39909
83514
55470
79782
86217
56365
23117
5487
5817
60284
91703
73903
27410
48643
82955
83160
24995
20350
8153
122
16640
9009
12779
45482
18985
91317
22632
93032
62746
53019
40683
74434
23995
24393
88458
33515
68771
70200
38907
78925
2087
18120
23354
78941
73017
49602
39358
54321
10488
60405
88256
84860
17136
58265
46072
900
49712
58229
75334
31674
89599
76971
375
65414
46746
88989
61655
35856
62861
72267
31530
12529
62104
67006
13063
68736
93827
97074
88883
55527
16162
68858
41366
29753
69823
2596
604
43544
31235
30071
57370
37542
55820
83641
28937
20599
51722
47331
81765
57238
29393
50454
7864
92226
56222
19050
13591
1060
50033
30920
35769
98367
57943
22478
5284
24693
90633
75044
81125
16185
70668
67144
30536
47232
79592
15975
6415
40602
45172
50524
45586
75458
60016
62165
40034
43537
25503
49919
82408
47086
17155
24419
79233
27359
56699
53841
48980
69137
96131
92393
36651
61041
91020
20165
64806
62368
58901
14662
76458
81665
82822
80194
94862
75656
30644
38390
73284
39576
73224
83399
40622
18755
80457
68238
40814
573
28168
87686
57392
61921
30475
34342
95957
9940
52266
2190
10073
14030
98781
56672
64782
23927
48499
25105
74242
53830
49255
93781
99120
76599
85233
57702
3170
1966
29757
77207
74744
82146
4797
81684
67020
76475
86993
33241
76103
20156
68337
74945
95249
39679
29704
69642
47648
15712
55316
32368
66557
51926
61898
78082
92653
44104
66185
88262
49566
28514
45584
69330
2603
46140
23327
64901
65476
53450
26498
97401
31814
52673
18455
31268
23102
2699
28217
1718
7048
88140
30046
68948
6942
94571
96095
89351
52448
99909
62222
96325
32447
17237
12417
48580
19596
82588
39713
14307
9417
57703
91465
40957
60607
40944
8552
54651
69054
7930
8080
21268
85633
79247
34024
91406
60490
35684
96590
76236
76717
35784
69843
99793
70517
63782
31424
29344
63200
76646
77485
45504
40267
48590
42873
92166
74266
28981
34135
85585
17541
25586
73401
35339
52005
21308
7938
19686
70461
28120
64297
21485
27452
81421
82354
79300
1275
2679
29004
56402
57295
19346
96143
58903
14617
60384
45978
47882
46287
60374
31667
91635
31018
4490
17213
96626
17987
14567
689
8459
60603
10714
1160
12620
62342
54270
11131
6407
45044
13878
9100
4181
14131
99820
56511
93994
57605
43512
74393
17025
46681
4386
95723
10429
41761
97751
7900
47001
91308
43032
400
93221
68142
81052
39889
52015
6620
56789
22802
20928
18558
2529
59692
25466
29720
5860
56262
4906
8983
1452
25860
55312
25716
42756
93832
41674
99379
77222
17991
2759
83465
59789
68024
31975
27740
50800
83999
99746
13622
35631
53973
41749
46623
24910
93543
76669
68516
21210
68937
21288
77438
94623
91203
63190
64437
98718
80382
9869
63355
30695
45149
73233
10651
61264
94561
14245
55344
19558
60007
88127
61702
22111
49163
69975
45836
30243
1087
89867
23735
5999
84532
36383
18977
47276
66688
59091
38316
17995
29783
52708
44502
87450
58582
6284
1209
50687
13206
30631
41471
95354
31991
73445
82870
3748
15511
47212
10061
10980
66422
90228
48916
293
89358
31238
77440
769
75436
95932
89545
27742
33865
59054
91612
93603
98765
23479
90539
77382
31062
77726
80108
57179
533
54765
26507
69004
19150
88887
78271
90055
40352
47146
92736
24578
73014
66910
49201
48900
28393
17323
59729
41077
5534
8122
26944
12291
99908
34089
90413
39225
93318
47979
71087
74667
82419
57987
81886
69950
84977
61621
45021
1854
72503
70368
42284
77382
32837
58453
65621
73895
7599
90985
82043
41780
14561
123
84154
23232
43623
27990
2525
23824
42056
13458
76993
79706
84595
26330
34154
85729
20577
82144
57480
79495
98815
60067
24104
80268
92629
46861
11936
36004
24943
11825
98414
39292
93216
62382
42010
50029
75361
94283
22662
51612
99294
88040
14381
13922
18690
6987
92836
37781
68416
27204
98936
67149
98147
22653
18801
31636
41114
49695
73261
61235
10377
26816
14990
80611
31043
10224
51376
49835
8904
58449
6097
97056
2246
36209
27626
3948
76785
64768
24856
80103
97136
48725
98647
61671
11400
18395
51139
89231
30502
71103
86338
52954
72046
99791
5211
41623
79832
54254
42034
55854
32119
82039
68853
69980
49045
5220
77380
7257
40714
79756
10180
44143
16584
4180
41671
71031
25134
55494
40333
57917
68528
55627
99798
76411
38977
86107
12716
95391
5936
74306
33417
80663
68778
40536
20387
13365
23576
8959
96817
29992
37633
25739
73001
96979
16503
4509
80146
51138
45063
69309
26784
19113
83013
17382
89331
43486
70831
52326
46422
72101
32060
57773
42405
6313
4354
9934
25030
66325
27673
85471
60580
94540
73565
71349
79406
12203
97495
54635
4464
34982
57851
1814
72117
50868
9573
44444
41141
68706
6899
2050
27580
44591
60528
48944
83466
42719
53429
62996
71164
19826
47849
86189
32532
27296
21385
67328
22269
5388
59930
1403
74808
5116
57187
93415
90484
66157
32872
24429
63806
36854
31837
35487
18624
27637
98822
43282
60394
79508
19335
81228
52821
67248
69637
21367
76054
52146
9246
60978
7362
37415
69269
71288
87770
42801
40790
52015
64235
70873
78029
79916
95144
33401
86561
19119
80897
18833
43832
63258
76825
66746
72693
63153
8237
97727
29448
14487
13588
7318
29150
10226
33951
42617
38226
59471
24430
23168
29143
56588
42284
97104
40824
4423
43687
45113
8016
47571
80011
23947
85327
50732
19773
94165
95637
1342
41811
54051
33292
62148
99212
21981
95774
25312
69791
24911
89783
18936
80536
70822
93022
57469
63155
93013
13939
38805
15817
51730
95024
82762
1946
51224
74169
2650
6627
54754
45771
22388
78365
87569
82225
25838
29137
31989
7159
55092
45158
2191
4313
71455
33766
4290
11715
68632
59749
88643
48762
82110
50651
87281
93901
93266
11032
41916
13084
38766
86962
13011
90536
10278
39037
84136
82747
24795
39583
13720
94916
91099
62177
69672
90871
16699
81172
2967
19601
26405
187
46967
64778
8793
36261
65542
15183
66934
10387
24979
35252
13061
10220
84982
89098
64897
81923
83461
44740
10009
36169
63789
47272
34020
25009
64502
91179
32194
51002
25521
74861
30573
51574
93145
53956
3341
57605
37124
49042
50080
88118
1389
71553
85174
83492
77769
59100
59150
28228
53976
71852
19531
22976
41966
73388
92266
26179
20727
19896
55199
59615
90127
55809
66759
88422
5760
94302
71017
69333
47046
29405
16803
29562
79886
79109
90760
45161
86425
33774
17363
22411
86752
48194
56119
19912
95201
36179
81752
62839
49622
52838
43801
529
86420
42149
24777
95807
59060
40023
34259
54033
56135
33847
22061
80966
11713
62682
25619
43504
18704
25320
37617
82263
83150
4467
52178
14641
82836
40927
74724
80689
85191
57123
91307
55372
87601
17321
96572
24984
79573
28002
45610
32302
48328
81553
9851
72277
10554
79853
19202
93589
98515
37281
93450
65094
29586
22217
36460
24158
62688
95351
93800
1908
71778
15496
56269
95817
15552
73096
9315
48030
66381
25592
23574
84973
51290
31823
3856
92793
89842
65960
54934
89837
66610
51864
1549
58148
26437
26632
142
69708
59196
96564
6614
95029
26823
19481
77184
20686
48331
20092
54819
20832
58843
11322
59993
48578
12578
67552
93053
76591
78726
96690
84747
37018
69390
31955
75877
94243
61567
86658
61009
27726
93054
1224
65974
48899
2176
40417
76870
82143
54841
94888
94821
72626
74545
70313
19951
58551
55664
90873
21472
37508
83642
37027
68878
42677
96918
87258
68960
13638
94311
9223
90428
18428
33343
65453
30226
89217
86098
94917
87854
17170
54078
3620
72074
12157
17910
63504
19262
13635
19272
86809
68368
93672
12332
47116
40337
99549
4313
63202
64697
32401
42202
48714
73948
64979
80477
6725
37364
99456
24212
57978
74453
18168
26823
9587
64545
10078
88056
61680
42271
52944
36450
8083
58621
77839
44487
19808
39777
54153
2728
8198
38996
74734
48318
17442
94877
55500
74590
32119
47824
74362
43813
35213
41222
59964
37172
36969
46569
2856
55342
65421
3408
42907
2696
28513
68049
37881
84060
13214
36219
45637
46556
67552
16415
58779
20875
48505
21166
43251
22610
99085
3321
51002
35204
70280
37823
12201
15886
49028
57015
51170
39534
9313
13827
5989
3566
12509
20368
66037
56202
72193
48069
32860
87145
92139
37608
9492
68206
16280
91151
53095
87345
36185
58315
43179
44331
49319
41988
90933
31226
3415
43935
82280
33213
3097
23255
36831
42325
29613
64229
88120
42139
26701
40390
65128
82610
13048
49683
90823
66321
14
40659
559
29818
13212
82440
91297
87306
27710
38935
29577
64370
69953
13531
99087
79132
93208
77294
60257
92324
30949
12617
31333
35891
29103
84345
24368
47711
89627
43335
14024
41487
2808
72659
15618
10974
33079
61037
13668
44417
21121
73639
23582
13422
73431
91643
63506
99027
50569
49716
66812
6909
65146
9133
99535
99268
38616
46024
83142
55118
1673
68745
31255
71947
63114
60537
64833
78949
54973
26276
38124
43373
19511
10892
61668
66153
75359
93065
35031
42721
92396
15793
19444
80810
51866
57125
34258
80042
62013
2859
48120
95337
55025
59081
21941
66292
84239
40310
21049
65941
2083
66091
30430
69702
89623
84181
42410
36439
23935
42775
78433
95434
55224
78950
86105
46507
14255
13317
97207
18458
9349
5731
76937
58781
13534
84195
62007
56371
38030
41648
78296
26062
99325
20002
77277
16390
54344
64957
69347
71516
95966
56341
55390
75826
94530
43855
34494
8903
43130
84894
63157
95260
59425
99355
5817
47785
84143
43410
58728
21580
94091
72689
6123
22375
24461
72197
96925
32485
68527
38577
37056
58589
56842
59020
80927
19151
79510
21742
82938
20607
45636
58354
48363
20110
43902
70326
43531
57640
49381
84307
80959
63584
87888
71437
1600
76176
65932
29378
45051
85038
26192
49973
88350
92071
79192
77002
67417
32471
49258
80930
66786
73786
95871
90910
66832
40130
92462
26356
63549
79929
76422
31098
95982
74418
39700
58131
13007
19298
25051
5731
85210
90463
37556
61507
935
75887
6151
36447
95706
38326
49344
30342
52848
91969
5878
79325
34945
66036
6337
30622
16264
18348
44152
74986
90976
32620
5708
75487
91774
79517
45155
3824
29370
57337
54346
90300
21816
71091
87230
46898
32880
68916
46281
64397
10885
81088
84645
20199
8979
17540
66153
51921
93284
39960
91279
30638
75324
34093
10765
29420
73756
52117
56997
54558
58759
22308
76205
57705
9722
5312
22314
86479
3950
7856
57801
5718
30575
44003
57881
29156
52040
3738
2026
45332
68151
39946
12419
59497
21527
71372
25246
44240
36154
98904
50546
81538
59362
93790
54025
30807
32457
31208
36351
72879
90499
37603
21630
4607
22713
8455
35180
5051
22373
31723
1407
6181
58609
57533
5621
41077
44825
90463
20116
68395
96196
2542
1138
40782
9486
37206
6397
97661
77238
53224
85069
59571
59289
20185
26637
83945
46278
31372
48858
75063
20130
73870
20844
10723
92285
3973
18559
73880
40425
13680
2828
58605
25973
53790
60260
80612
28948
26370
5355
73683
23179
70459
90553
74245
58850
68140
63307
56962
72163
99352
38462
64763
53568
12335
59151
38280
32953
50403
99954
18487
80009
56614
70667
59465
28612
26449
90005
10112
54700
87622
57279
85070
53644
16534
90748
82768
6489
46258
93858
73277
69828
57535
13766
31947
42563
21150
6367
49946
60900
57129
2529
57959
51567
62483
42671
4808
37659
40973
41361
55152
60822
84267
72293
85941
60873
94930
38220
70757
22010
39798
65687
3094
34578
72579
83995
20677
90752
85819
64784
2138
60793
48043
1549
42023
18225
23935
14418
64079
88408
46272
79925
60415
22868
27787
25367
46070
16198
77694
32062
54411
86731
99315
69300
68196
6501
97733
11882
38256
74077
46527
26785
65050
7197
65335
56606
53785
28867
75325
4344
87798
26651
30397
66655
57575
80124
15484
64321
34789
99482
87283
88022
6812
80411
84722
26920
41085
55238
10352
99984
66325
36705
9369
62575
53157
72637
41198
26983
88713
48348
95983
36479
7460
41063
3384
36626
7756
91087
54618
18006
80104
16021
14751
6139
63218
98642
45382
77379
72093
88373
99322
27350
91341
24045
82549
61158
21656
83877
19752
65817
51779
35711
55319
36329
63727
23202
42618
6744
35209
68610
30811
1021
34175
48399
64391
26669
26433
3785
15985
80874
52619
50958
68273
64371
33170
49432
35112
55307
70133
72023
30505
26782
31831
87723
10964
9453
26160
10558
66468
60357
20149
53677
53617
8375
20297
78302
87385
12319
61191
95779
5785
70963
24937
77334
24277
17807
52593
77682
9668
20237
40312
57547
88760
17549
90426
72591
15549
31768
74832
22132
71890
55285
33300
7776
15251
2306
10502
5670
52146
19280
78276
98101
18958
92524
57534
20388
79791
8299
62161
80072
20895
22759
94807
26838
59332
820
55129
92516
47338
78624
30537
36203
78373
72332
56239
26155
350
75294
11212
26683
3336
66037
19552
74347
83744
28510
74765
69010
88745
738
35658
76362
35974
55676
9221
98631
53714
42096
85868
22602
87956
2737
71947
88344
73044
28427
36928
18727
91473
50118
24475
80140
87180
31748
45931
2965
40196
78068
40746
88520
2050
77902
16884
28325
527
24645
67294
34827
23511
15298
92368
9114
55091
9360
17017
82017
16726
82968
31939
94128
44269
5899
17336
89190
93074
11472
54380
53144
85017
46971
59445
79483
932
71650
98954
59320
43627
85886
68982
84854
59660
40329
20938
38263
63583
44291
50875
4095
92162
89592
13275
91673
44177
69159
32014
99238
80448
90679
23188
69708
9803
24497
79402
75045
74838
25639
51996
55628
48014
50010
41555
94465
29549
91438
66498
60278
53996
20803
82914
47731
73607
38512
26567
13150
22848
16736
48546
26833
13781
72874
82672
35168
66538
5489
7813
23499
77980
62775
9974
2414
12376
49250
86686
72923
97080
99969
56622
97953
35684
334
87100
47020
23216
42622
94661
82238
16346
988
41740
98881
77820
94437
41538
49336
40634
18864
22544
72022
11102
21647
9740
47221
56284
74037
61696
81095
52577
26113
13542
6592
19184
22394
30334
94057
92483
59078
45922
53075
59048
78779
92402
43046
39194
33373
4643
78617
56655
37152
73551
34469
69589
84516
35189
17484
86868
82737
73199
6830
52364
63567
72522
52027
54030
44252
29811
58781
40483
76414
97540
27525
41586
94823
69452
1414
70928
5290
77821
25172
53506
19054
36803
96493
35954
36303
86081
76347
54830
78176
29953
89788
66138
36782
48045
49946
6221
44413
29179
43297
88973
15533
94282
43594
38832
11421
34498
78399
8715
66849
19093
3797
40616
33661
73344
46500
60953
44174
90287
46675
12412
18270
36247
16657
77242
61539
69481
77423
14984
86580
1508
68733
92856
57028
35987
95151
30541
88083
43843
87368
41742
77234
71484
83624
75394
87986
55546
66615
11407
14094
41981
28813
94241
25261
52766
92607
97701
78141
19289
55676
47721
9242
62442
90040
2431
3773
78733
11642
34610
60318
80074
38714
47846
92988
17524
77668
29719
1336
87501
16668
70265
67716
54236
85792
68872
71425
20179
43933
60985
70693
80298
82708
78298
78469
46795
40126
63026
56570
535
64264
38734
97215
70891
6936
74396
61851
99817
14109
63301
20052
73693
62192
62980
74240
20201
95740
46281
24965
7339
64392
41300
75792
64272
71475
37551
96246
33646
78059
92469
34899
2337
29439
38089
42801
88687
84683
97824
37335
3777
63677
16256
77283
19076
46190
8134
67272
50887
57023
42981
67721
40765
48624
63815
41642
56930
99212
38932
56963
53863
7568
69712
68985
42426
72145
85467
37150
38090
41733
61102
50466
13058
79890
71655
65344
99407
89968
46344
10436
1296
54308
84449
14931
24713
3390
57486
89027
49986
97547
24160
36706
12297
84460
9935
4536
77714
6064
34236
43304
32750
71442
78016
28558
30070
94420
83939
8756
37559
17104
76809
44
99700
31857
74057
48706
5528
91832
56790
20237
9897
34446
98622
73590
32557
40218
16728
93004
76847
59070
37307
67932
78129
3905
45378
76348
70237
67908
43975
64404
41574
52872
80857
22386
80233
49667
40341
44428
29831
400
46714
34094
38432
12944
67487
5246
31799
75035
84840
28220
52579
96119
12836
33885
38451
49919
56161
77268
7398
62610
77108
68317
70702
42422
78694
99329
446
37522
11688
89303
48965
23091
69980
92765
34976
89570
73766
21183
49460
18294
87897
96617
23227
24262
53004
48295
78039
56866
70790
24639
40241
34726
61431
24000
22654
26001
7099
31214
64032
40447
60956
36748
29290
89758
82728
73028
41368
98824
853
78014
31577
41238
17517
96652
28323
51752
46380
8299
56616
36578
73462
12853
58062
55995
36143
24516
40189
51288
25740
72082
21225
39620
82047
47529
89319
94705
37244
16651
58363
93637
27184
88995
53354
61958
80475
28014
15007
86518
66393
17545
2848
57970
55445
53128
73326
88169
73483
94101
56856
5357
83839
61100
17097
66292
45110
15099
24107
76474
35703
25899
84302
49874
91923
85010
31882
98209
10195
36800
69473
79433
17707
27272
14152
58078
41350
83229
74852
93129
21567
4459
90957
28593
5084
98448
65588
33103
47519
4573
64106
33716
62438
83902
47788
62626
8555
95397
69265
29232
11962
58726
25207
9174
11442
61742
54072
10715
49542
2255
47207
62468
62140
15484
32394
68247
88493
33188
51771
25165
14988
30765
18810
71388
1911
2819
39665
44359
86639
17687
8979
79223
62484
41104
99834
73563
26772
4882
51796
24020
14896
70437
32945
73429
80203
7343
27109
22322
98571
64117
94280
64376
37645
65161
68822
87258
6273
97535
16280
44286
29332
86049
62432
61251
96924
98548
55655
71125
10679
81997
45170
22884
91528
62961
62697
17086
60513
95349
55072
35400
31764
97652
49325
9909
80246
43258
33921
44678
80794
85393
66270
11994
94583
17415
5543
1518
24320
76287
64788
14147
34457
60397
98402
452
74033
4230
3297
7846
79395
43185
37173
23698
12280
5304
97980
22060
4618
21052
61328
66592
92118
65655
20381
69136
50587
66062
49473
48204
93128
94607
87233
15542
97299
71849
2365
70208
96377
28745
47007
7889
92549
73759
12966
49729
13249
90424
72995
73573
4506
22981
69623
14615
55611
98302
40172
92084
43780
99279
74908
38528
61218
31413
90711
46278
71124
79189
27086
75753
83094
19812
42119
36582
13427
38730
94994
55378
71283
21022
8809
55300
76247
24939
63534
1561
66737
16847
89430
90563
23463
37667
1418
73858
93422
31893
52376
62723
10092
76694
93393
548
734
26483
8517
63003
74731
46630
54590
15238
97677
71395
11816
86786
84275
7627
73884
17937
3580
50878
36594
51573
40835
304
20955
40287
43788
95780
21970
21770
38310
11332
2632
4787
5010
66050
53949
89375
98715
96607
84308
19972
82315
58803
40933
80245
7219
93787
79373
58729
89581
67319
80915
42597
87403
58343
9717
15021
88043
18438
10203
27547
96164
58732
68441
60976
75702
58613
24404
16752
5183
40111
1037
56282
39338
28248
25366
95529
19546
54766
25381
10989
99156
66668
97736
65524
84915
74331
33646
17028
70984
73695
44897
60194
96331
71975
44366
51745
90642
70431
6693
16289
39135
49818
77686
42200
76223
24034
55657
88836
56593
44379
92978
76006
72716
24413
77154
93416
58752
2019
88544
90264
96155
82674
99599
44912
75298
7667
22886
53898
85701
87000
91932
62685
64760
4927
78783
27281
21000
43681
34440
58180
59371
19528
16065
235
28964
61068
34198
39355
34373
17737
68312
9967
66135
16171
30817
90230
63693
15781
55874
4796
6694
79319
70316
43201
20425
4135
15054
89872
29971
49597
16213
58284
60018
51414
39671
14987
19751
40389
6246
23168
30681
36674
93757
25734
71845
78570
26659
54751
38779
92840
9000
70957
70084
48690
27321
52156
4239
91392
4565
47868
44660
3515
75758
57868
40757
48211
55064
2773
40210
68767
10819
84163
74528
83872
80088
43082
13206
21370
83911
8850
99312
26997
18333
74409
68352
55673
94836
1581
14043
65251
79888
3232
32798
80120
12521
2583
54936
57850
47748
34380
10474
11497
69874
42800
29595
87350
52058
69045
27930
36080
56742
45758
21627
77225
96820
84856
38083
3809
47668
12948
70403
18216
85568
67897
47983
98807
33558
39102
74663
31466
27058
38870
3665
65644
28603
33696
62009
81005
68217
35679
66069
67945
87934
68471
89643
26369
37064
75213
98909
86876
58491
47154
92403
1284
46941
84585
27546
80305
75918
26745
51375
84785
89575
40271
24917
63758
35554
92135
26921
4820
76917
35020
79928
80334
82604
12464
32834
846
230
30267
17949
88431
59382
65521
99379
73388
16705
76538
3057
80718
97414
94625
23290
51068
72442
93541
95026
32733
74323
79779
53295
71582
26557
3391
13236
42948
41764
64808
26085
4042
46081
69393
83494
1249
89715
34912
991
98526
41845
54396
90239
57390
39832
25249
98264
42123
5106
74938
76757
76704
44568
7708
6547
90453
48463
20016
26416
9327
39556
42664
68538
62773
48464
43080
78062
5331
37920
78963
82987
72635
13648
31168
24817
89636
85256
14521
69112
42878
61389
59263
83357
33657
47211
57180
5144
59560
5419
72123
2217
37651
25362
34544
76294
4292
71677
11832
7679
45069
16799
70702
8734
38709
34269
22705
4470
7680
39792
30704
52413
27542
75136
70619
78608
36596
47977
11880
78248
74253
7247
46292
89079
51041
60581
72672
102
20417
31897
74541
97325
47263
57232
67235
75683
51402
44627
72977
33208
78012
64319
84511
10886
16182
74970
11271
98305
76909
65028
48695
21787
17927
3904
26786
20125
7229
71971
44019
49384
55570
40528
71569
93150
74662
25528
33340
2435
59780
15161
12277
86157
34630
64499
72314
7140
25856
28970
66745
55970
89143
60652
57147
60984
21650
41087
78743
79019
18782
82648
25592
44147
20110
20594
62389
53858
67879
49011
51564
63480
7250
42673
17305
51301
27361
64514
87766
35501
88569
10367
72884
84533
8840
12692
21440
67381
37517
93959
55258
63414
70830
22496
93040
91698
9912
74142
36470
58911
89275
82941
78235
55469
28391
52462
30939
3891
92146
63821
93606
52095
53091
48852
79348
12996
59812
35339
18253
86216
94499
25249
55794
26038
73822
97465
62577
62955
38722
8971
40597
15407
4317
22818
75169
67014
77936
27721
15352
91764
13976
30755
90343
89661
49406
41189
7941
18659
70470
47688
88616
79904
91913
6820
88658
13733
98762
26008
30066
30393
27834
79802
43626
7165
10396
32302
90749
80329
15348
42467
47476
8928
37835
60359
71504
48188
87668
8132
31136
77102
68900
43343
91294
82065
68761
77898
95253
50710
28177
35791
62495
73617
79147
41239
28349
61437
69597
35198
89498
36909
3056
49808
36055
32292
33613
4151
69554
52216
92159
13719
27673
37692
6265
62696
56327
78183
30946
6883
83706
57134
81390
34967
42505
93694
77721
84040
19242
63974
24310
13211
24360
8459
83994
64841
83522
15146
44479
87614
96468
96739
51689
65932
93342
73227
88904
16428
42354
82766
49077
3648
94703
61037
60491
67887
61211
28764
96931
15220
71078
6098
7154
721
95175
44767
54255
40699
38858
60937
26598
15723
51242
44912
68743
5049
60731
74224
24908
60720
96837
97236
32640
78553
83440
71340
76547
45024
18519
80559
97549
65307
83862
67442
57115
81641
71898
10824
82633
16950
60475
88955
59943
11127
58427
86624
69871
74613
82671
63437
80636
10954
36859
540
68746
75939
42538
10468
13788
32329
41890
16512
53595
76106
81905
25201
78599
28793
74966
5974
53502
97133
11139
13108
67064
69774
66352
38281
79880
31364
12848
86518
35921
32195
62932
85890
96580
69861
58360
33944
6337
69605
69418
48134
95701
97874
39151
72162
93545
70078
95671
56527
3199
99254
46180
93983
5763
11805
98092
743
15019
75605
24789
85663
32129
49983
85725
42555
68172
52463
98193
1516
50230
25265
56933
31971
59627
79748
82635
79309
72699
39205
3234
42286
84743
3272
86229
71393
79193
68307
52481
11869
88652
50247
34152
99336
82015
90898
93688
6608
37048
17794
98646
50965
74089
43526
93970
48961
73366
81050
16990
15948
19223
59338
56455
26523
43490
94358
92404
56397
47086
3377
88561
58765
62159
80590
41362
2074
28508
35147
22496
9896
79344
99659
25005
45488
37907
84035
16178
26021
65633
53973
26001
66872
32008
90930
78937
54900
84380
59612
61167
73062
68082
25853
7859
4064
34252
55014
29269
77824
81717
98590
92751
46430
8753
5601
24374
62897
88603
29517
18756
34565
85064
90033
82112
81566
2373
48393
83514
42795
60207
17117
3044
15427
7700
10901
90143
48717
60711
67064
12024
92952
58871
49966
93369
64817
25613
15984
43354
84668
33999
50658
64894
61885
43377
90202
77403
79764
26232
97353
88681
7283
9356
10292
72551
19161
66051
54062
51534
60270
32952
36330
99501
88379
92979
48679
72498
86527
37046
50465
83438
84035
86586
88401
50177
61621
40990
99765
76974
13413
18483
93363
19616
73176
53759
36685
78633
1786
68600
61709
46773
29174
19674
10267
6200
4687
67070
72556
8415
59120
60051
58932
26969
37281
99590
19800
11004
25406
19163
40643
22575
73910
69412
66309
32120
48266
88101
82374
98840
9324
55727
56228
19569
7428
181
82861
93966
7818
24147
37731
25246
21619
67761
53698
6778
75286
65310
71279
53962
78320
65316
24719
4883
74971
58738
5019
59183
12495
90309
21685
16367
56127
44714
31928
42753
69785
54412
43027
38353
62007
81783
77851
86950
62355
27148
49896
85642
55604
30370
2502
90429
52807
99046
2211
1678
43098
58615
30415
42258
70410
25339
66228
73671
82401
93100
37015
79159
73230
45194
34961
74218
94561
12131
74351
83185
23212
21456
70759
46820
46923
27836
38573
19085
43166
89611
27033
26052
11462
40022
38276
38609
89452
61577
9134
15025
88869
68611
20816
21109
4937
28888
69953
57030
35136
45301
32292
79687
39968
55761
89283
12139
22367
78450
42933
14785
1788
11241
54587
34536
22581
24025
70861
70158
38932
52404
78689
19188
30465
34285
13391
17677
4036
88689
15035
24866
17591
79317
38196
36092
56074
93086
21086
60171
69974
31455
40061
66735
14624
95651
33405
6415
3663
48550
7563
90085
89163
21915
96134
38829
64234
53524
64641
32803
64813
16769
75906
93203
12291
26100
84528
78
23461
19960
71675
71436
60213
87
29569
83299
58184
57465
87492
49372
93610
6680
21769
75092
51129
43082
51969
8914
45730
7027
254
71565
43007
14246
91110
43718
82815
9330
43609
68361
39634
74806
56909
84246
40869
18459
39090
32696
21619
94801
86356
98456
62779
51034
32935
46393
39532
3513
63050
7663
21914
39598
18837
21519
1396
49360
70083
64145
30616
18409
30344
47587
33488
27879
87010
59437
23939
16747
52269
78915
95908
10622
25244
43713
60811
217
95360
97050
28271
47388
97732
37996
50561
81071
14150
13002
18077
98983
19897
9553
85731
17407
51605
6473
29388
78793
62963
19280
58767
53277
24045
50982
52395
64468
68241
65528
39036
88123
71375
57232
14772
82814
94766
91485
67252
84345
89844
59252
82166
53695
8542
56571
85172
50404
83224
27254
67543
6512
24798
7283
65913
43794
74869
20294
5305
83716
63222
34436
90705
75355
83933
8435
52328
26868
94189
41629
23867
72579
12126
95232
11185
25031
93912
37539
91308
26282
3564
73325
55932
48657
99838
68796
14204
48799
45787
79892
67860
25660
70243
73961
15320
387
5866
57779
83694
351
25906
3909
3594
95872
32572
17188
31175
10844
87138
45010
42817
90231
24153
67882
58087
34934
89542
74368
11219
30643
77816
94815
2503
29800
56049
81723
25590
35453
77268
60275
68378
88994
79761
87118
59696
24509
2786
73684
25398
54274
36789
89784
39349
16041
150
58971
48431
74052
23248
56472
57803
27011
26110
34453
30732
14417
45385
33145
71667
65634
84128
34229
13388
54915
52824
45361
68534
97634
86187
11705
41067
61469
24145
24292
56806
53581
95075
28002
41106
25615
11663
16990
52981
84223
73691
97899
99370
36170
65416
62960
48411
40735
18759
15046
88360
96601
56163
41103
75132
77511
33955
91806
51119
14391
4700
42149
31562
77587
7211
88598
34930
26770
95890
50374
98270
66792
64330
13694
24662
28224
29776
70934
79726
26067
97084
65373
96351
39243
93383
5045
64957
15081
73359
77977
85489
29512
28271
36637
24159
32000
11745
7184
29735
78645
14846
80248
67239
65227
83423
14442
76331
12805
5438
28792
12193
5411
50617
68891
8626
18292
533
8769
42233
98973
46579
41076
50599
47047
62551
35853
36610
34197
9104
71294
73785
71054
68025
53493
24705
95601
70254
68252
60535
94421
8771
706
92455
93569
46127
72654
81527
12059
10638
73947
60762
2740
79399
63595
94753
14678
15727
75307
35517
71979
65456
6018
21537
24953
41904
4914
63397
92553
28837
32609
77972
91810
93770
96078
76109
24631
69624
65090
96578
82506
39547
48456
95612
77435
40722
96878
76114
31029
1873
42656
58502
43459
1052
54333
38387
63967
24844
38967
57428
18335
39362
13857
423
43122
50054
47413
19515
5436
23327
60166
29144
44920
52110
12248
92351
65177
33668
46269
27589
54852
95994
85262
22892
14683
12882
94080
97479
12638
12081
58042
40904
83682
79782
31922
81529
6486
58319
15794
9656
28173
41512
71182
99137
91412
79930
42760
3729
37161
89823
44539
58254
67909
58801
26474
1700
14731
28600
50067
78380
26934
4820
92811
33898
10590
12968
24412
75827
9969
25071
67071
77384
27213
35885
78016
64363
28601
12173
7703
48648
65778
19306
5731
91051
75166
50135
77750
96704
85151
3262
53722
45458
82518
11630
1943
34163
8285
15440
88860
26067
77164
21332
90455
1474
12348
83627
96751
8359
84100
14049
24234
53725
27928
88395
77825
12583
27667
19046
33184
68628
43046
87596
54570
83908
58932
24929
62839
53186
23279
80902
1699
35079
10858
40755
59107
15586
96883
57253
77895
70504
65159
21983
37496
94186
54107
29498
68945
80690
40620
36463
39284
82790
7607
89049
61286
63041
2204
39120
26098
14709
25704
40680
48239
90581
41718
51503
42101
65546
31235
28558
17804
51714
49418
43927
12487
217
17400
72026
96651
1221
67780
83252
7592
50069
11117
53056
12432
91536
36963
22973
40569
71117
66112
13553
37595
50351
39487
41485
51945
41976
19168
87652
74545
68088
88742
49450
50127
79948
81746
20037
13754
48522
15352
32332
22963
79914
17215
69865
12856
84391
75957
48821
94073
2500
68904
72313
13291
62606
5684
6227
37615
72692
84864
13772
57488
53834
72653
64872
41678
94068
8204
93037
60552
72424
49707
84390
21465
44125
46890
95385
24338
17092
39572
84272
11176
98173
94205
82928
12671
91862
43053
76788
56325
71182
5775
77740
92015
96781
21281
99398
86245
48327
79287
52762
46619
26984
73072
62795
80074
93180
67631
3281
14261
74632
41583
30063
56590
51963
25309
65635
45232
56401
2290
59209
31804
92579
93520
99904
13659
36383
66216
56569
44930
93909
55553
71038
59844
8102
77305
93869
52616
79202
30616
65153
12965
9368
7341
99001
10485
12690
76682
23928
13640
93646
21219
53860
63125
48650
26908
34876
62037
41117
97945
56859
58946
50308
4594
57944
36119
52051
20089
4572
96095
84826
24457
64848
56726
9284
55611
74916
69574
76122
26764
97321
46543
89132
29764
51491
66949
79113
15895
38559
39432
13262
382
63423
96908
96119
55218
73589
80650
98826
50532
21081
22074
97764
44014
28377
39232
45572
8658
95244
888
838
7705
77161
93095
95991
30509
19609
79618
23448
51480
967
40954
21400
90311
53051
47472
51654
44216
18119
23449
89224
36517
55285
40421
6719
21498
76328
76745
32679
59007
57243
25151
87064
21827
2412
25883
44318
54432
79829
87878
99274
32068
27859
79152
94336
36810
57020
11941
58060
75944
78595
41325
81309
34610
82034
78703
2299
92800
92885
83574
61832
21377
44274
34206
65481
39720
21726
86269
36507
8606
99311
12424
49821
47199
36745
3024
33234
61545
17315
28073
65300
65183
32172
62769
73804
14840
19395
28624
63032
58508
64751
54154
54964
63211
4127
33253
20020
94112
50452
17059
77612
37615
73907
50178
69026
46650
63783
64761
46561
63399
89574
5028
17551
46008
4701
52247
37847
99323
61190
42592
10750
84482
98652
40531
51432
32346
72476
38965
17508
30590
30765
33355
83982
78544
67608
68146
24679
38503
99249
67608
16637
18431
93522
56457
93528
76949
62224
21896
57563
74176
61173
46208
85945
10360
95816
80924
69159
65095
66198
75731
9590
86330
53655
64635
9387
99854
75343
91136
87860
84370
51148
51533
65047
32521
69147
44510
25299
3337
65215
85673
61727
76806
75312
98190
42462
53606
64162
8024
97502
4273
18371
21311
91588
87875
82852
88400
73218
51081
17811
40436
35457
14531
25871
30870
45177
38143
83532
15378
7068
12118
76949
20378
19310
60249
56673
33893
79867
70520
57964
60938
99849
34186
26443
67555
96674
94166
1749
42440
52609
43371
73639
85975
36103
63458
86649
26949
55432
39442
97252
39800
94594
30209
96373
96837
86850
1533
35817
79885
47445
88651
26292
54398
34564
74479
42669
97681
78847
40329
71967
80190
4095
26926
25838
97668
46181
38987
73981
18650
64923
349
8310
95684
91557
86036
46718
81005
58425
79623
8533
2579
32437
24536
25697
30841
60773
83874
96207
90766
72137
15586
46369
24140
66379
53714
10363
95678
43236
48479
56793
1288
74615
28851
64066
84526
74577
55076
12525
22003
97700
77325
79976
39735
61661
61814
17484
62391
52204
34543
91472
57003
46486
42646
15624
5223
41730
95535
19814
58924
83318
88066
9608
30489
12402
69973
40052
63984
63941
76242
49243
88631
83160
78504
31093
77250
59449
96994
62941
49409
13140
41817
63956
93815
93025
62277
73010
81867
21417
43531
21806
12985
16667
53163
56633
19763
19086
28615
14375
89652
66800
36101
9772
51552
98655
84197
30562
38942
56721
82708
71162
77212
85879
80073
5125
24179
56434
51405
34933
47185
87817
59248
7525
67018
66001
18431
37200
52105
62635
63347
49561
42934
15391
93121
1629
95359
32767
75157
36652
1226
13344
75300
59464
16887
62047
9286
81311
89718
70515
71534
96577
55247
19375
1978
82824
44896
12748
51248
9793
68830
93127
81443
68000
98755
98383
82755
25484
15236
68521
95995
86642
14272
35983
15792
64356
55344
62790
22032
82304
13284
9699
43237
24449
84830
44985
26514
71709
86325
2719
39405
14090
58088
14038
43694
22848
80782
51398
48892
37040
26326
28280
23420
22482
82570
71413
61437
88661
85013
14404
58077
94217
48681
62220
86836
62938
991
36070
5806
72957
22740
74548
11169
61851
33470
42634
10644
82431
12590
90924
94965
89169
76688
28799
1649
38789
97074
91685
1473
70417
96612
84537
67621
83249
74780
94756
15118
20186
21925
5619
48815
3069
76745
73094
7699
23490
6256
24139
1115
98915
29367
80451
58337
91400
6403
65547
15242
21105
16743
324
12173
96743
59378
87408
46872
254
32640
50865
49244
87520
67904
21303
88762
89398
13607
86676
37357
3302
9588
24119
36906
72217
7132
30074
97745
92259
50425
28100
69546
22529
55651
92924
63405
60564
71283
96259
97825
97750
37987
91455
9405
45540
24265
40686
87935
18351
61812
79899
50081
58090
83055
6731
27545
89488
78211
41826
41768
67339
74697
47587
46320
32379
3303
33229
60436
40009
10279
81990
35863
74501
68609
15640
95433
4962
4328
93509
69365
79373
53295
21523
39060
70399
87024
26500
67932
51490
66281
13343
64886
85244
9834
68621
74855
95061
44673
16449
41595
37746
77600
9654
30286
30453
60448
62431
85100
43072
34602
66079
42991
27354
11835
32175
19066
382
21994
88350
45296
93294
13703
51046
27923
77809
80075
74592
8007
11451
42133
69022
1184
23120
75048
91969
4891
66808
79901
87756
7583
13721
18924
958
6687
41004
85052
98980
16620
97793
5360
94222
21312
11249
58797
88447
44968
49353
64310
47514
81654
71575
54170
98902
97882
18227
26225
98158
81365
36143
76083
80597
51096
9069
37061
38772
22041
31191
36089
23043
17125
4672
12164
48800
65806
88523
1712
44888
55353
40059
12939
53155
81018
1383
1776
71035
7859
66283
91036
56546
35556
22766
4360
18140
86313
42944
19837
19624
79070
50551
46895
22663
98121
13178
73615
22763
99761
80546
71669
59883
63002
24024
32
3818
1880
79867
54331
69350
84749
5376
62678
30656
76728
30380
14714
39026
76662
19648
27250
31699
50992
73264
45578
70187
76131
56109
44785
46149
76671
89924
59705
60141
2939
89594
58581
57000
86106
55376
2649
57175
14350
78497
89754
44673
33255
27334
79849
18010
42054
17705
59010
34153
2995
36889
86858
32050
11566
97187
8038
68783
34728
61872
97497
94519
42452
32587
31330
89124
77900
29998
936
6077
15789
66241
80514
38452
38529
56967
92603
56911
69258
20157
84391
37522
9565
21927
9731
58148
55109
41013
38693
32456
2064
32383
59730
84908
46600
52569
78179
54939
18544
60642
61615
99709
59208
6012
44155
79573
87776
14299
58885
98840
16755
1632
5041
77724
55848
83450
71628
60074
84509
32648
67059
12190
14338
72791
93580
65780
76256
98064
5383
33351
73504
75775
66630
84339
85338
37779
25546
13167
37924
39340
92866
16018
89162
67435
18817
56287
72936
51250
45172
15463
45084
38607
45805
19615
66507
64607
66952
34070
92040
22917
20588
97846
30603
99575
58964
82350
73288
22557
75032
92086
69987
36076
97572
51849
48484
85399
2921
5270
57981
96101
2897
51956
12943
67634
64854
41114
35273
94353
16991
91688
70762
84251
71856
35962
63809
76110
53214
39695
45899
44849
15141
62725
56831
40877
96352
3573
31430
774
66510
28651
73974
84731
62869
24348
36495
21201
751
60370
83032
56770
47769
6840
25665
59637
81994
93119
55106
91740
51785
5441
42802
60882
76546
98853
44138
93468
61515
58479
1894
30905
16852
74252
5590
73289
58934
69890
5398
27533
41429
91658
33804
21625
59160
37660
80730
43054
35272
16149
16312
99263
93720
66992
30011
72531
19578
5010
71291
50755
98484
37607
59254
32965
9971
24315
12043
61183
68992
10691
32332
8359
79295
88745
91590
47430
27439
18409
79790
88454
62319
42663
69134
2905
31325
32784
88463
14156
68587
38906
39680
86633
32081
40311
20935
1290
62088
60268
99642
48243
16184
86242
42501
17272
1653
13493
48273
37943
83275
18236
42856
90785
651
75884
16044
21618
30913
67747
27743
37310
24169
37893
91681
23904
84509
87212
45992
6295
26362
59729
41259
59879
93829
51790
45733
49919
66371
47196
70813
54278
41780
13571
74561
93132
97099
48280
89753
59392
67071
86634
57430
79309
142
20711
30688
94358
77847
5827
13195
61866
34730
13373
94462
65041
27781
61272
31602
94225
40417
54039
2059
57015
51248
92577
87301
36925
40453
93
66606
86860
69265
28026
23247
77977
63750
8572
70554
37652
67217
30329
62544
88116
70325
67628
9916
75049
92417
64587
92805
73039
45337
20882
27806
69236
24918
53207
44934
93756
2273
46914
56016
97806
27560
4839
72302
20982
16644
22566
57673
66538
38691
27715
69494
41420
52390
15758
19058
6368
2954
89364
37877
70490
70981
81576
30731
93955
67026
25442
47418
83926
46906
70429
33900
62340
47880
36447
84528
58646
5432
70830
22226
44036
88274
91383
58606
43106
63222
79837
11639
20702
2280
51972
12595
11567
40574
20309
29894
94599
71508
75279
90953
6831
67935
91208
87465
9752
34772
11389
36085
38097
13973
40028
91733
70556
92311
763
66103
44173
40328
33018
91318
56966
49008
33107
83667
90721
16990
70770
21488
51796
63591
63728
2007
96304
85440
63915
80654
96413
27314
95683
58984
91666
54516
79572
2279
29136
16983
18658
80923
44727
22505
32130
94324
98350
18248
95784
94196
66250
31683
68062
63573
84614
33864
69738
20616
60475
27448
64127
35249
75066
77119
66279
39234
42271
61964
99055
52824
45872
61705
12198
38662
3486
62623
36325
13175
20412
35766
96110
37432
55202
64395
21252
96233
51913
35398
25327
70319
35215
70490
28333
17339
58121
47178
8069
40485
42253
14113
46441
17020
43761
38155
37323
57589
36860
91699
91743
46505
97842
91234
72630
82985
78891
45562
40522
54637
57793
51056
237
51411
31764
90503
12075
35259
88954
8486
77879
56195
94290
26592
6866
15621
77255
78200
71956
47783
45913
96053
49599
91325
28881
6260
15073
76897
14742
89377
11745
72585
70073
38115
81232
41394
88693
95386
51513
31076
82515
17475
62680
38191
36206
8211
17011
2116
19568
18663
59341
5458
48231
35788
57445
80442
56343
21025
58138
20976
86170
32584
49992
7195
43500
56000
68755
57127
98297
59371
24608
612
79604
74585
17093
52303
47063
62064
3561
34298
63412
85878
27247
63188
76444
73599
68859
81064
14143
13605
71118
35879
81942
65978
40946
44390
3355
83301
9811
86862
6816
69264
22066
98133
24281
85974
9565
47366
22974
52164
93229
72897
9435
12984
57829
42192
29196
25941
15617
59956
62108
4544
92626
94579
52017
57669
40099
22979
84111
12873
90308
26324
50724
71688
31755
17125
40427
73858
21907
71674
61061
58282
9046
58918
14439
11154
85554
93055
96928
44636
98536
82529
89618
82691
59941
14531
41523
98401
26706
99460
86388
50823
67957
28798
68040
12213
66216
20957
42097
88713
25328
40409
45952
83707
62019
20889
83991
7328
40985
11967
62903
37740
32081
38900
20263
5609
97754
51220
24301
4672
88255
22601
89388
8285
48966
33136
90425
26255
65077
76656
3692
6298
64404
70454
17323
3354
78927
1205
38200
63108
82134
44254
59809
72390
53246
34138
31632
30387
93173
80949
83126
97366
986
65937
16281
49820
73598
69167
5476
20295
49018
85551
33556
37485
64008
21078
30551
56587
59160
31979
44281
36019
34690
70154
43351
91623
92174
12099
54574
24746
39827
63952
25535
4420
57715
56960
22262
1080
98855
96887
23420
27617
90425
26235
32275
68990
43464
54300
54091
32618
56361
82085
89806
13960
74795
4386
75314
54219
98615
56496
54445
684
26019
65147
43494
60120
67735
26459
53675
23496
21607
7178
89969
88055
85550
65631
30691
71352
20582
76989
65392
62369
73145
83424
81123
79617
3132
53737
80935
93598
51927
19797
48998
21777
20080
31632
90197
10748
6857
79049
58648
39221
46302
52085
48742
14989
41874
19318
74231
21413
80741
3347
45025
98690
90769
60533
27492
8298
52526
17261
22899
19132
62360
86558
34274
20565
79458
95226
71730
6824
81933
82396
12209
41780
60610
97062
37364
34334
56069
13287
30456
7544
28883
66369
48180
96605
48219
6553
17637
14602
63141
810
92152
75218
29908
43045
7518
76018
43578
16930
41085
70511
59314
60200
56692
70026
37765
94652
76748
78582
96243
63992
41010
35076
78785
31749
32627
43492
18644
86955
59960
11208
75854
93916
50887
1804
53398
31402
18062
4547
52538
17476
44714
90870
85203
69163
54044
41009
54127
99730
64767
71293
57553
87140
29038
87603
18878
36966
85080
88689
43539
76448
70441
83407
28714
57967
51358
9261
76030
8060
38720
95270
39701
54238
92380
30579
49916
50548
91578
98836
96363
25558
3837
5117
91381
29671
7944
47592
66498
35645
47498
55843
68967
43599
46963
98382
16611
68464
81066
67535
75709
75153
41702
66746
59194
90732
2257
34830
17444
88194
47744
83169
88087
83721
32136
33712
42665
99808
47525
2640
70224
24670
91020
45851
46341
78088
77489
479
3371
93507
52875
47517
61326
72498
7221
27969
96661
91044
85021
68418
52855
3861
22444
45898
30175
91540
59260
55655
19783
40413
82064
77297
54554
64467
38678
34593
94687
46917
56977
33564
20721
41888
84712
24118
61153
58842
224
20123
19789
67001
52461
36134
60863
78414
80169
32506
84434
13084
61104
48644
26736
31737
21018
71169
88515
81259
47765
6729
92573
71830
30393
54149
17804
7696
6541
84900
36098
15322
23296
91214
38704
4667
68786
40031
39100
94972
18610
79102
7532
99730
14779
3274
34092
33025
25653
76983
80396
71787
55083
73488
2872
49567
88555
58053
46124
18115
44377
33775
74912
21579
79633
31355
63181
87611
9903
62945
17488
45008
71889
77049
73272
14617
17110
2114
92149
38208
46468
15504
19031
57618
5093
79558
69886
67113
65791
16052
26198
27211
82461
93180
58845
46447
49888
71333
28594
18831
32960
79942
21616
92742
76322
69298
31713
52399
21971
22861
21546
32015
77779
67698
53916
53893
68281
4101
42569
84699
46877
4345
86376
77591
23865
23602
32593
95899
15273
2535
90602
52538
91821
25904
9534
67058
59541
12332
37435
22402
26048
46127
64386
27702
84095
5259
13625
79379
4475
12450
16339
93582
92708
97750
52048
13798
23492
79989
34551
48269
55224
25980
69443
66764
82861
2451
7338
25819
17178
98206
56674
6986
63834
5396
57450
61116
88919
42154
95265
73548
24514
36861
80367
33415
32140
50551
45481
50010
67902
65335
68661
3532
33064
98497
31330
51436
97551
81598
16512
24335
5451
74298
89430
26405
11755
27626
42444
38439
95346
38731
33078
23057
91762
26864
60618
53206
51378
23127
82835
96162
73842
46408
73581
39113
52996
61115
55692
40044
13851
94531
92468
15490
84632
34077
4100
52751
4589
63074
91301
42342
77157
78440
3254
33745
56146
7438
27835
65858
510
57315
14823
59552
60698
38621
73206
68308
12713
17066
79061
45917
55142
68777
66618
20713
39117
24644
79347
93666
83364
89262
86544
21680
7320
76529
88818
43538
32465
65924
67285
47401
49946
144
71702
59301
30685
48394
99953
2389
75746
85665
965
12665
84384
57675
70136
3950
28727
60008
35067
42686
88255
68161
94791
66379
10900
88435
72050
22038
5799
45244
38952
55759
14326
566
86782
38845
3323
59264
13725
33553
28846
44155
2146
32369
55731
83634
73593
6209
51108
73595
38118
22195
32504
73558
17399
59222
47645
60516
59032
61237
72986
83250
708
83549
37626
94159
88689
53652
11251
29632
68852
9989
49119
12205
70988
7990
97678
48064
98186
87885
16700
35712
42065
24178
41202
56396
78622
49058
6335
88771
316
78115
87626
3662
66137
80308
18552
89248
71164
41559
51316
45899
61805
2395
37782
71003
68668
16288
26004
43208
97262
47422
7125
72822
4837
83912
39778
65298
95170
55157
64438
21026
95876
51708
65897
1456
25123
464
57199
46668
89218
36280
53714
52599
48721
9120
37251
90444
29560
32351
16559
69784
86754
96052
77523
70554
4974
81803
90035
11374
53366
93608
29469
89606
51045
75518
22854
33497
96339
32235
61243
82714
72650
76192
38402
90691
3521
62770
36679
51240
92997
47455
99651
61968
94584
49677
16005
12255
80224
36195
45951
86034
7435
71288
64289
73914
23757
85598
77691
40950
42932
32770
79896
88326
80150
32921
50450
16804
16093
14629
20399
62899
40609
79271
94546
88113
1028
40001
75537
20242
79565
32293
18395
49095
3680
89689
31176
33132
32272
13537
67001
41691
60523
69205
90808
18036
30838
55806
68246
33944
71600
27600
1016
96645
47152
96296
37484
20912
39204
22755
12373
33609
77850
77346
59090
59939
27349
524
26430
64105
25786
3587
89331
44244
41921
70726
14845
39594
60372
24316
57655
77124
30
89418
89492
77076
87441
86535
67356
36793
51799
37849
86669
8092
26534
2385
90315
55000
92238
89458
50512
50329
78258
31327
17816
47686
85975
76233
54639
41304
27387
4198
13704
97915
69943
48244
61197
3454
34842
29985
41693
5804
12840
80557
59410
47409
89941
22559
17606
64706
21471
18305
6468
38173
23464
62879
89076
5779
37588
88832
93505
76462
57236
72623
16881
31695
92702
69702
9453
23087
39007
52569
3980
41208
81229
85498
78389
83606
98199
46154
78900
40551
39644
35591
75039
91906
51802
55503
41952
8020
6128
68768
49136
33340
70826
78327
14330
36554
45395
34985
11872
12892
39853
24387
79666
12186
3096
93662
33592
39850
21329
65439
46398
26605
490
13100
36604
47392
1130
32763
83027
26767
21819
76937
14682
18077
13164
12036
87441
77255
29848
46572
13978
71093
177
35530
70104
57574
80886
86046
71929
12732
40616
64903
9569
28981
47872
70347
95215
51177
1575
38956
60031
55178
29141
93460
35287
57920
99780
87850
52184
50690
81382
58758
26889
81003
33378
92315
26133
74604
82384
94803
63735
72089
75798
4385
27194
67985
49454
18047
85067
44617
27995
22342
55745
36903
86194
23237
25576
98373
34113
88940
35347
90862
29505
41409
24821
96479
2895
84591
82372
35886
93055
50078
5483
89614
66840
65202
33586
73987
61124
57334
30167
12839
15304
43982
64925
58219
71806
39213
59789
11045
93288
52351
29582
52492
73022
66973
2220
64567
33601
10364
78460
81915
43259
40030
9628
84290
70625
15557
30296
98824
13993
12853
77632
67860
83921
9273
66731
58808
18393
21520
63434
17173
62694
34121
10937
91911
55344
54783
60846
36295
38979
6929
36219
45695
73402
57613
91828
35312
84296
73035
45459
29743
80333
81195
29944
20689
86141
34428
81520
73772
39680
21322
14353
93209
96488
1913
6970
68910
43638
29150
17486
45065
45812
62415
46127
51099
72418
59184
44478
40574
30848
10701
72997
26561
81173
4804
72875
11994
13655
45890
91411
81434
75473
46977
14404
52462
67371
52419
3600
41954
58189
78230
69983
9235
54303
98295
30619
72566
59498
50442
83917
94417
25725
9519
28571
6235
77987
15120
15840
29218
97749
59710
68968
52754
22178
36146
52892
20465
27957
24570
69071
50214
88376
13064
43576
91023
28853
37732
33387
39147
47490
49387
18573
80128
72655
82102
37895
27490
50093
37936
33726
47826
31551
34652
88874
61830
97117
58921
34706
55640
48501
70819
24566
8492
41280
7745
7633
9092
98250
89562
49769
45513
60040
6828
67543
68973
76788
4724
79960
94007
63626
2923
19205
86367
14597
87179
38456
30082
95799
19625
94195
16793
65119
95023
5224
17439
61387
21223
78670
67494
743
89653
92874
9660
18001
69705
82233
28227
21770
75451
10681
13066
99913
84317
6764
15
74209
42858
15625
17661
3238
34934
31854
6174
61570
17786
7792
15466
63828
2536
99484
63695
56998
87595
11180
1957
27692
19490
73851
18159
21770
28534
16287
66228
32696
93404
60151
65834
23467
96307
86054
29523
4999
92995
78537
93523
87429
94461
38893
42987
16535
70138
11338
14316
20557
73050
23262
48346
37666
81506
76969
86885
50121
37754
41908
5846
3285
60705
83007
77488
14418
78309
42464
19284
31662
32034
29466
51618
98322
62758
81277
31283
89575
15001
31292
19553
52093
54620
51611
58317
23188
33345
68217
90689
13752
41942
54136
67075
60547
45148
20685
6411
44492
11840
59428
80781
19688
10508
85607
94229
77122
38805
86370
29769
212
8112
40141
71221
1724
19456
8010
70669
36750
51395
79928
8941
67019
80562
52840
91197
19420
98505
74110
23518
18137
92760
10685
30382
57249
96161
64491
50782
60790
22349
20843
55583
84160
5705
94323
82890
13331
75367
59626
5593
10810
12764
577
59187
16461
33396
61490
38627
86385
79765
5283
53572
69102
93373
53343
44088
54792
67991
607
81552
9093
67052
39178
13670
44844
16446
2049
2195
61603
70228
87560
29156
80074
75352
87389
55155
13087
96548
96693
58990
92822
84711
37162
51350
5213
84920
90009
99724
62153
55805
25370
2342
21481
7657
1055
39353
34415
5330
48039
3283
21924
57759
2777
93918
82162
68279
12719
60227
80051
48889
59859
52520
53162
64615
43066
78807
23085
92521
64883
38777
50236
96537
84669
66446
54291
96909
1196
89898
44170
80069
52001
67865
49878
28611
57524
87783
61657
69900
91010
55624
29265
74110
79893
26092
41214
59863
36471
38822
80419
29160
78281
54220
64761
41508
63376
11954
65922
34902
42725
80015
38081
78685
9987
70727
43476
26805
87764
59788
81224
79910
46198
75079
7531
82333
92137
97887
78155
62442
60215
52129
769
34581
49513
62696
71184
40974
55002
87439
32649
21730
7690
30695
57526
64376
35418
62672
28659
55515
33993
36050
15003
50652
79275
66251
84590
7562
29136
14060
71705
64288
37460
28151
97710
94674
86423
57950
23839
14434
42663
20880
37652
79941
26744
36310
99625
65353
50384
4995
25319
11093
5834
13900
75792
15530
73432
20109
3889
78646
81024
78141
6243
44074
13534
20827
84190
54359
1365
89940
91453
25090
36208
70644
43334
34707
5173
79227
63845
79920
91460
90762
8734
97949
16469
79735
49587
47883
13979
35310
37308
92741
15276
95867
6642
8849
46555
58922
70848
39665
35579
97927
1551
8324
50263
9426
32086
36970
9061
53460
88357
8701
57909
49982
61620
1805
30385
97184
59619
23569
31626
73232
35934
56893
34805
98367
70802
98959
42412
58187
59063
66808
18406
29334
1734
32999
18867
46570
52502
20888
9334
87110
82414
33099
29592
69850
17373
27964
39811
56437
86227
65977
44888
18454
56452
49442
66237
12203
1492
24792
59182
29705
68561
65423
80324
60345
70850
81780
8028
50757
33374
13854
41959
7732
52724
76173
9463
92518
27975
79058
92465
26067
71979
43460
73380
22666
97389
8475
8156
58590
48253
14660
22707
59099
96837
61938
56561
30282
39505
38522
80002
13562
24980
2830
78825
92030
20996
19874
91140
80591
30125
78673
42254
67579
50017
85621
35071
20051
8813
4343
746
73846
16708
56234
41673
47698
56719
83607
4564
25263
84609
48285
5563
77867
84653
85697
55843
215
28096
79423
34871
43611
420
87024
99471
65723
26466
45121
96441
70673
20193
95066
33262
91847
36212
3147
24627
72109
57757
54142
40470
98848
83545
20928
90070
6937
45187
47670
51699
26881
45367
22832
31917
17967
29239
17245
25767
50882
54487
75198
26884
56146
6801
65002
99444
24987
12218
60696
55048
89445
73001
63346
46459
79840
63679
57525
30239
28010
54530
22122
78482
7579
35560
14287
39676
97161
88495
22123
50241
84702
77147
90427
91484
94301
53261
9567
36070
66060
80990
46529
42285
70152
98140
15488
98996
74704
62263
30161
86803
79142
67429
33832
65565
92438
57981
60335
92639
43048
93872
6143
73376
52132
58807
13347
18684
59804
17157
81354
77092
20064
51589
86403
986
93870
73980
19411
71530
83325
91615
88796
11219
68676
28950
84851
42112
32481
81955
21388
58400
41504
47107
402
36832
14016
58956
64528
57241
64382
21014
34678
29371
18831
77437
39218
62562
24543
4561
23501
66690
37288
46276
69802
50494
35853
18923
20402
63495
44678
20756
96342
69874
59562
60081
31846
5245
74992
88263
97913
16237
15011
26401
59858
68466
25904
98462
65056
2219
82330
62701
43771
14123
85475
89027
36168
69609
46359
37866
62934
36468
28299
12178
99740
30699
3731
24107
60127
60594
33188
95484
70077
99596
32879
54268
21743
45842
57361
30186
60313
3066
67373
5584
15491
76900
48375
68063
81252
33902
34831
23374
60528
4700
66496
42475
37831
21359
98951
41411
10809
77451
33188
30955
1569
58875
12020
26631
44473
73820
37942
22001
23701
51048
58
70205
58084
88546
33569
4186
17586
32966
74333
75243
72117
26365
5539
80276
58486
66386
50412
26262
41656
26548
35181
37169
53716
94081
75306
11753
17789
4936
71714
63014
20923
7529
38242
95192
89854
79206
83852
93413
82103
99169
23622
23358
26501
97719
96265
64969
22392
40342
49816
92380
83930
86577
8253
44107
45226
66522
57338
97805
10313
33236
7132
75301
65019
59274
87948
81087
97644
72884
44028
37922
99302
34607
34596
47718
76775
57736
23908
84422
19504
96995
93088
59777
70996
3263
28125
89170
60204
10050
28246
86267
27001
70963
94306
41935
1444
99491
57513
37903
45196
67201
82326
12202
92268
19776
14165
84174
81786
40150
24185
38490
64529
27696
30461
83389
39009
93250
47638
58590
10845
22827
27002
36348
47880
5516
64359
46095
48311
76781
76806
91586
91221
92552
58583
25046
54355
82149
2447
86581
22751
86894
92243
95550
20873
5403
41944
77042
29086
82949
28981
15076
76919
76511
46205
15607
63330
39002
63374
47826
70129
9097
49671
58554
77331
29162
73472
72730
95884
651
37532
74992
42259
66495
85235
76429
49079
91732
46014
44839
26421
6981
68994
83841
23520
26274
77146
36611
53760
84100
56144
23997
38561
80705
55092
58621
21034
74060
18157
13817
36522
91841
84490
82809
6036
95729
60416
22568
72860
22076
50046
27855
86492
32363
97261
97379
74896
4154
59946
98753
32950
76763
83806
25640
31432
91606
59636
10446
76961
68544
77445
97453
4456
69194
25882
78500
42844
92482
94724
43342
60050
73680
52659
27338
30703
97568
21453
10413
28303
39027
91573
65226
54784
2175
25416
38994
89908
80827
77090
87421
4664
77629
12871
11721
52872
89845
43670
57185
9471
72853
80291
25138
91394
85948
10711
72275
37066
48535
59590
76505
43192
36080
2697
32546
53645
13198
69052
22122
2631
59147
68668
70187
41749
70715
43776
46598
52051
62942
11681
24661
8207
13616
31801
74434
45279
28932
2309
99152
88812
55902
21756
69759
73932
70025
69902
826
29145
22724
51427
97461
55305
5574
40316
9281
64284
59805
92785
56523
77453
10379
18945
2085
39665
76868
35378
85125
44928
7663
33684
36511
34813
95382
38534
39440
52010
9560
32957
24370
2229
96920
32697
93932
39191
95654
11438
29241
20079
74656
49053
20221
60537
38806
48727
12583
5446
42512
46867
70697
15990
7268
6182
76329
37926
58087
83772
15544
27161
59847
22936
6906
50070
87880
91960
13752
78922
89778
174
46061
65000
63630
38469
62708
41826
41427
31841
2143
85175
4338
32206
47022
89144
1411
82117
76409
39589
34937
66052
52015
52385
46969
56096
70944
22913
35012
61518
46737
72757
87444
41043
19860
50013
79591
64518
8968
62733
21850
23412
26662
33020
96495
9010
74824
7040
62853
7303
52083
92161
93683
16841
40765
28409
56313
69772
38025
20933
73137
96269
14697
99209
30009
73076
4348
15007
22695
72559
52869
17906
51004
6731
82594
18812
42470
20130
98916
97795
31074
70693
92165
19682
26435
6771
33666
99051
71983
83392
95507
42684
38354
65759
26403
49532
40150
8506
20932
22287
84946
63931
99913
29166
50607
79430
53892
3925
1585
4796
67108
59279
80313
14195
64253
93050
77060
22371
23640
72459
68918
53848
37511
3227
57802
49723
89321
12031
26939
29613
86237
71446
60007
90623
77321
80857
65301
42570
93412
77792
7783
2136
51762
39537
73820
63707
81507
77054
81915
50047
76345
14539
7329
23021
54648
36437
76686
44144
63104
38282
36218
24358
36346
30348
34386
5857
83489
24157
54237
15465
80441
10378
40722
75996
67063
91893
65887
58832
45502
75274
55996
35585
84602
57832
45276
93998
68329
4394
57111
10335
16250
88658
87214
73293
89410
98939
58789
15888
42683
12172
84431
60135
38821
39287
58966
67970
92075
53102
94114
73917
26343
81577
4133
69456
7736
52839
88955
53500
12750
73155
15390
77939
78344
50811
29667
80728
42259
39773
50582
81961
41986
32726
45600
74285
8085
31016
88492
63102
64453
38869
80437
48068
41988
79178
93117
60139
92643
26351
14885
20330
36954
96167
66738
99897
2973
31994
18984
24963
66072
95377
89409
31648
15470
66619
1962
32369
5569
15791
64879
74079
33532
95721
55207
91331
40676
77362
45686
38232
71933
43689
8830
86362
69722
89726
26320
26444
83418
82314
73626
39044
29774
10840
20456
53615
69173
22370
78683
92752
38833
34917
27720
21679
72430
21527
29978
40767
66623
4941
39233
40881
97051
60839
3371
25320
20588
40621
53594
81402
36848
4074
98138
48086
47278
14900
75055
69771
5837
37982
17962
79650
32249
48420
3888
46033
19994
43383
54477
48358
72269
91986
91386
95546
86250
58935
11322
18503
85358
5702
16052
58299
59960
22694
46573
82992
36836
92983
36978
54794
57391
50149
23333
72069
29348
48376
5942
31115
79788
60540
48701
887
1038
30747
65153
92248
80758
87378
74748
52138
33658
41504
42539
69622
84899
14635
70359
21903
31432
59158
41390
45067
52848
69531
42907
21429
6834
95058
4477
65461
43828
28403
59277
62408
63179
63600
74986
33560
51458
99390
70553
9345
23587
18452
73578
89708
55372
48439
52692
86249
4096
17826
36225
34083
12375
65668
37299
1920
59762
88952
26945
20888
16636
55410
97370
22503
9116
72106
8024
14407
18219
17574
67930
34835
81807
49983
33275
67287
85531
50855
14473
29528
52251
92903
25973
2959
57192
90509
79983
81734
18226
47454
44259
66394
61175
96181
19346
4538
90598
72643
40333
57404
92197
39960
99593
71854
97043
64821
46285
53208
38238
71109
68193
59685
67739
45238
39192
63675
8456
43787
57742
43755
70416
59983
55963
61768
91075
92629
29839
27005
51474
86909
55788
71171
26505
61254
3119
86021
23553
50948
69545
3979
86660
51361
75930
19751
2264
55827
57672
61437
91311
46228
58162
39735
28328
94984
19887
91737
45288
40097
78602
89815
71339
98746
3001
12478
50909
64011
32005
73950
84136
59693
88240
61766
40772
46211
15240
41193
12961
72545
99797
98652
7786
67736
4731
76974
69406
68435
74586
19264
33689
81917
54735
67526
21784
20603
14999
86174
35142
79129
22191
65091
86057
77548
73174
45514
73261
7422
59741
72919
79691
7328
13750
52459
31813
88746
43367
98465
8545
56160
47895
71293
87716
19839
55579
63436
27614
88987
96340
69890
59203
5414
83010
63872
91506
28872
36213
40648
66414
47100
30344
65086
97017
64539
72597
58382
26702
54983
87179
95054
80605
87688
85761
58607
46595
39729
98711
669
8636
59034
75409
81778
57278
10872
91771
29364
29159
45099
67930
25081
12585
5578
62390
80348
81376
91822
26738
36657
59431
52394
1602
93876
53833
45830
37796
40374
1177
63658
44236
18532
9246
64488
74035
29863
4794
96761
68140
59513
69878
93
96882
72675
94024
187
34072
6373
91827
59363
49345
60001
88074
56164
85868
70538
88173
90391
79647
84260
63025
10748
32659
63571
42987
42629
21801
80820
45650
77902
79111
85552
66307
3163
74048
96643
86764
35936
66055
86404
6827
92302
35014
3551
6391
93346
2165
3659
22466
54551
80828
53241
43015
68460
79444
51641
89137
50351
54031
59767
2806
53271
26940
69959
98486
89228
4662
12626
46881
90990
38118
53095
39439
24597
52897
3440
1722
19914
24675
30109
27010
9958
88677
97321
45606
53730
41834
81957
34546
11120
57775
72269
74234
88299
83958
87892
22325
34934
88467
28682
67448
25623
23671
32568
70802
85768
51892
66689
92136
30978
81197
9923
549
61163
53041
6713
74113
37965
12739
39529
73412
57955
14558
32274
88287
29638
1374
76935
11510
41006
63258
27823
62603
20036
11647
13240
87446
54139
89295
39060
71781
54413
28144
88633
31293
5434
52022
43231
75254
60676
4575
65618
11907
65823
22897
91425
35637
19681
94479
80847
69407
81939
53067
48279
11088
30089
37000
46069
6260
44387
70300
5132
70056
35203
13737
96743
69255
40716
94140
1451
43820
53398
60886
6964
84335
30917
75765
98713
17298
26754
98142
82972
43766
58595
84916
58578
93288
72699
8924
36148
9387
57560
60757
40278
3778
54960
94513
9226
10020
16949
80084
19763
78106
21183
4970
11344
78614
84662
32328
31066
45835
11836
94537
46518
17252
32873
9740
39913
73060
63549
68408
23350
41539
11880
24856
47222
30519
73622
30854
48208
72226
59311
30302
5842
72368
59830
28815
15966
63738
15515
16214
78018
6573
98291
44022
94432
39915
98899
57355
22402
19899
66784
4487
97724
57117
68603
23377
22534
90571
89652
20781
29390
44383
5989
35957
6323
24610
93896
92420
9387
52634
78976
58141
83356
38459
91225
26896
236
71640
17217
24272
20252
7934
71385
92559
54864
10727
61994
47734
19850
12884
58452
33167
65749
98178
84660
56851
57020
34675
67498
4543
79447
97927
90793
9103
77058
3951
89298
36112
82532
80192
31301
65682
54966
86402
31801
76663
5119
28378
41667
4831
43970
93229
98427
55541
53867
84292
80535
39943
78358
6595
3485
67529
34143
5824
46568
27407
67368
42429
44689
99670
15366
82555
46006
77674
65457
97418
4818
65971
37015
1435
55419
20405
30185
21921
277
25281
21403
56672
72911
39865
9853
60400
12021
49208
29154
16999
36555
34768
12478
31628
99376
9902
45692
59737
96661
86120
44899
23139
74623
23692
84589
22717
46745
71066
95301
63201
92692
39791
60676
51339
5995
88004
6365
49639
64673
62022
93112
78652
80705
70714
35972
51782
16779
96180
82025
88292
35239
30946
41697
19943
92614
62432
30793
97501
95890
3899
5899
88654
56366
34452
3401
58871
49938
45039
56
90744
81668
4172
48489
70235
80390
632
14790
63956
1409
18512
83203
1138
61818
71509
95917
53974
50691
39140
91883
40655
41924
61296
98316
59041
26616
22855
67437
66440
56502
14800
65054
67300
89511
46233
11830
12674
11240
53224
32127
98984
56837
70845
62981
5020
47125
56084
14391
66764
84032
10558
99817
67504
30996
19206
18795
65034
73265
21327
7664
7144
17119
74613
71118
42568
37003
84142
88293
24878
61792
29080
208
75562
37549
58482
96814
58607
48985
21847
77089
1806
82002
25629
22537
86453
9350
52466
72247
51225
6906
70453
65754
24661
16916
90545
76213
21939
22086
16596
81246
8295
79155
66789
49478
43926
55039
28585
94267
78512
56879
88330
50347
46360
35059
66833
19585
50797
56143
72551
9481
25415
51993
44369
74245
96478
11385
97852
12394
80132
25635
75753
77076
98376
97466
92406
20374
38808
80703
69876
70337
18461
29587
69920
4199
45924
59848
30276
88335
51758
80062
42926
4960
50673
52831
23039
93673
44553
15410
61670
64925
71837
48830
36099
73622
77367
54096
92543
14820
74345
70524
70287
23722
99522
94443
1915
20499
66802
3540
91719
10147
64074
48629
51574
1467
44878
426
23166
20916
81901
91369
39019
93664
96418
23105
64877
86184
21809
2209
64559
99432
4343
15988
89146
5580
84528
68902
49893
89913
27270
20507
59347
77041
63985
93222
83068
98072
95607
8229
70112
33741
50974
66363
78092
8270
87306
83051
26227
69224
767
87129
53934
642
14841
18616
90236
60573
66577
56267
25235
36564
90401
63079
27361
67500
26137
28298
13971
31531
62291
82312
73235
28503
7195
52398
27671
96718
93496
67065
72039
36815
50798
52428
33346
40219
94095
98479
28138
851
27873
47865
39621
88845
66739
80265
55572
88749
73330
35831
45212
70871
10251
66054
39835
91332
69321
97885
74594
93482
48566
60878
68569
51530
94782
61030
73299
89972
90761
26241
81550
56630
59040
76699
23195
82253
6449
98154
83026
91456
57050
93831
89061
70641
76550
57955
9471
32347
15699
30067
48431
16693
94993
89587
51256
51168
69133
44880
30708
30530
33960
31070
4330
51502
6697
33749
51987
77923
239
68873
37004
10758
4721
69157
3485
44748
34726
78973
68664
65805
11309
18064
62357
79420
75679
98866
59115
51773
56242
63169
19482
68593
91907
42275
63943
7601
92929
54695
89109
58303
3101
40036
85771
1533
82570
93012
9344
86433
13808
98385
42797
79264
54144
26857
99146
92645
46035
21515
45554
6904
41635
26476
57971
52126
13847
12557
62239
86527
54173
56086
5679
15635
49360
69263
17886
10058
88085
72169
64829
3109
50743
73425
22207
84157
11228
39637
58924
93944
77471
97747
80426
81117
86430
66526
54241
85449
40543
83332
80139
58310
21952
76107
33263
75389
27881
62866
78668
31828
79967
43349
85581
9856
61786
48159
49810
70859
36040
50787
77820
23287
58978
68539
7021
76477
85080
37041
79783
14037
57854
44874
39022
12825
52191
21214
25100
335
51497
43972
6032
82885
3766
18489
44502
55776
2977
22414
65209
29468
81759
79702
69787
81196
33728
32534
82393
99034
34822
37048
9158
32763
38434
56673
24756
54833
88954
43284
49915
60678
96291
80897
88095
40047
18537
8702
7104
51575
9036
90715
82341
50068
70726
86020
76452
12456
70583
7935
93205
49501
23088
66406
75821
53340
39188
11148
55217
94687
21227
67758
44332
58896
17945
62231
17466
18229
13686
49685
60940
55008
91919
43137
6918
10944
26026
25633
26496
37425
11426
41440
19748
52224
67042
21313
16182
88246
6724
5634
3121
83939
14412
16520
78042
35838
80630
41567
42816
23341
61294
31929
99809
66576
13668
10698
53018
14684
24423
29250
47605
33111
75370
58086
69963
80214
35356
27583
46534
69230
13003
98501
39601
5715
15894
16280
38342
19114
21508
41277
45051
30589
38065
76248
25396
17997
70334
98520
45410
89917
87054
97523
64921
24313
3804
84991
32699
85602
8144
43041
29265
8630
74762
91149
68529
3959
36362
96059
24195
82098
95784
86581
34983
94622
95513
60707
5539
22934
41414
18693
754
42037
62298
98382
82364
21444
73821
34618
25550
67541
31295
55640
45734
44530
31966
1540
98797
60973
35144
73335
39244
89472
77300
11735
51735
4209
3128
50641
46325
8772
80457
44643
17127
17446
34924
68177
44571
47048
32774
11915
99728
69704
28104
32316
76141
66436
45746
96551
3698
3036
60609
45535
79968
30650
25916
9127
97088
18418
92666
78811
19142
81807
70833
14370
37237
70085
60799
64157
63719
17748
79855
7698
2385
80098
55361
87465
29903
59107
65728
67101
44460
86557
93469
75658
40903
87207
42410
94728
17466
92649
88424
14749
9745
76099
32005
3423
87026
49865
99950
17875
61330
88140
52122
8685
74922
68969
21493
13640
60465
2755
54183
96684
55934
3528
22982
55438
93576
43907
17981
27130
24160
17725
66114
80985
14275
56614
65658
85065
12898
63806
90421
80925
2546
52688
66594
14651
77015
51101
35926
35912
58531
56518
87464
35901
96201
76558
87126
31700
41587
46898
39559
54208
71533
94883
58044
50471
95006
62152
22113
17199
57266
43841
40565
53771
54234
1413
88943
46310
41429
62660
37949
35276
51451
80661
73928
33934
55823
37809
18413
21105
66519
13455
23977
61808
1461
93371
55129
28362
50587
71348
59205
72673
85548
66929
31502
40174
52557
39338
75705
4178
93144
50873
20063
79793
68479
38605
19542
82627
47335
4924
98841
96487
90903
82334
99187
2705
37293
42269
36125
25296
79063
18121
74503
67179
22091
84864
91866
51828
78637
55277
5393
73109
23992
32800
54360
56667
32069
48490
26308
9146
12357
26112
16027
54377
25037
99149
69500
93530
74200
74472
47057
35921
23867
24660
7285
70292
42772
28874
51046
53692
54494
19631
50274
82658
28068
2621
70819
40318
84028
34796
79885
76811
82157
48741
32501
14550
20103
20759
56108
18990
56885
31773
47201
15833
11026
31186
45491
95753
99309
79789
37105
60735
10276
45387
31643
56762
72551
32165
1871
60101
24754
88797
55617
67610
85073
31886
6326
69529
20527
82683
77704
49549
59205
72860
71362
80276
20058
14921
36499
49658
22875
3748
18680
45851
76885
3434
25600
85251
91160
2649
32740
87527
17806
80402
63920
72789
7590
92501
15457
36752
43399
96401
1212
97323
79712
91744
80375
11754
78067
18601
3747
82686
36392
91875
97613
52773
52344
56259
69571
44639
22211
38137
45310
75453
26056
77128
90189
61680
58104
57344
65668
2802
21849
29044
19412
72933
83053
44557
53518
78643
98558
48808
1324
29926
34892
41628
96803
28802
77650
27352
39401
79575
46581
41167
3220
67775
55033
92336
47008
70653
77920
46534
18563
10085
26732
63162
51086
92374
57904
14320
6974
42914
94405
62284
8448
48874
50724
82750
75464
82102
35863
71841
10767
75017
60553
74112
93066
68040
31343
28919
43154
77119
68068
45179
19230
83754
84959
6316
95819
18004
21428
6199
52969
34511
85900
98238
1392
17016
72483
88781
69085
26308
39513
85826
56204
76248
5913
2849
33428
21791
86313
73031
57942
93253
45518
54126
12234
86969
17465
39529
40084
72282
88987
35334
85511
12045
65644
81298
40803
50239
46864
61236
47996
97335
87127
39237
74826
43739
24144
68376
93599
2883
3942
22462
60686
23731
70872
78609
76665
44073
79363
59649
90240
50193
22466
15759
95010
37232
79355
78257
94626
57750
84458
26479
9347
55417
94342
71785
77018
50362
6692
98513
72253
46942
44399
94354
17696
91454
61071
51541
93414
65265
19253
59735
12139
9952
28259
32639
60915
74425
34570
62690
28565
15945
45698
49218
21095
40154
28806
2801
68890
79082
28632
71060
62904
23062
11395
19866
19528
77101
22827
55857
92483
61774
4507
68817
67057
7263
48165
30244
32055
99391
87551
28695
20597
91338
2825
33526
10019
15326
82622
70143
52392
89535
10796
89535
6866
69885
35594
29505
47333
89211
46120
20
2620
60651
76975
99481
64107
35978
6714
47117
29709
74945
13568
60000
53503
74310
28526
47623
25319
18206
86444
51050
76615
41240
63411
94826
28551
63565
37104
15880
13481
42259
814
16721
1764
29299
29416
66504
79779
25685
69999
16221
18526
75485
52832
71336
72887
15545
79811
70511
77210
85223
98098
35115
1086
29545
59872
50902
31023
65259
1693
7283
69489
84753
80038
79020
14094
54482
57773
1119
26484
72146
48569
31081
29561
44074
55996
6938
61046
1868
6684
85699
57073
32215
52071
53122
26832
9999
68788
66933
24078
64264
7181
88001
69640
99706
93195
77358
59579
10261
46706
35280
63036
97563
1439
25122
21119
33671
67110
16186
27849
22200
63865
76485
42917
87895
15073
86180
89001
12311
64532
58539
83052
56214
29814
83963
41688
20061
71492
43460
11568
12234
466
33940
10189
81684
25036
24596
86692
31217
77722
69321
93020
13366
91122
49691
3987
11473
51610
30311
48391
9435
99618
69959
11114
81001
10588
99349
34551
12551
44667
83726
19090
44742
69973
71616
54202
51077
84217
94749
7452
21164
74687
98079
90272
98104
22426
44109
16136
91680
21006
89136
29452
9295
37620
93808
14445
78297
59729
72287
12225
68809
44776
87607
81326
51296
55934
98209
32838
83530
8929
27950
91887
27710
90666
89643
40090
73757
55440
69825
14818
31989
71284
90192
90969
99107
88571
16788
52653
54610
3817
34665
93178
43751
28879
78663
95330
18687
8135
25494
27645
60113
32685
35109
59327
34936
42476
12944
25935
21653
66265
98654
49409
16576
45926
36338
57827
50286
19094
27106
25469
72900
10247
58542
49300
83885
77714
38725
63937
2433
2590
79681
22423
35875
12682
10241
61608
43103
5739
30393
43066
66759
97569
24104
59670
69121
7986
70683
12209
48345
51856
98799
90095
38455
52346
28691
68187
30422
11612
87881
53204
26689
13333
8909
19130
11018
90982
86076
19224
34786
79972
68528
37701
58774
12256
43883
72802
19044
82820
82063
1447
35830
79405
92015
31244
48663
13453
8353
32017
17743
55797
8642
3094
15563
7509
88077
90378
4609
41674
54156
92583
98581
95722
43451
79825
93081
69896
47909
53110
75483
70010
87277
60919
29367
43526
86531
16979
92066
78027
29891
59138
93664
24274
37224
75969
34198
32249
36542
30111
48756
10079
25020
96273
14454
64049
175
70265
33251
48294
66718
10122
39273
43093
93666
21910
96448
35766
77023
50168
60098
54496
70113
79999
1249
68191
96905
68761
30347
53003
47542
62443
73042
67812
93133
91528
25029
56650
72000
93748
89138
99329
16592
42401
99184
33103
68116
89093
29001
70412
67686
16392
42212
24495
30943
43220
21870
59702
77721
96462
36481
79345
70029
56320
87104
57728
94375
86397
49229
42756
53121
35872
7483
35385
75494
58363
24575
35125
99954
74507
1303
145
52236
34269
59333
37114
92029
85813
6741
92603
86820
45998
46248
46339
64244
45257
96861
41181
90278
7785
94442
37698
95239
67059
61840
64236
83153
96186
94292
83235
65027
54143
18486
74984
65225
81189
89212
62340
8911
11578
72744
98218
73537
24496
56953
64166
35346
94234
60179
26586
4226
69487
33547
69484
12018
69985
85080
23856
57041
20441
7756
25934
82526
92226
69394
23648
34958
69326
65136
84007
88362
82093
74720
59909
91962
7376
67876
21102
15165
92818
3880
29545
82690
18334
41730
43639
19803
32978
92471
2905
93497
22401
32718
69274
20872
1686
96884
18219
63215
73093
38979
5992
83831
11028
43891
84247
82668
36858
86340
61190
62444
5745
75713
74566
97077
35934
68346
84119
5516
70387
22728
51019
24193
31589
74735
48751
81566
14003
36300
33462
91385
40838
79128
86895
26658
79184
5302
99081
21077
80443
24442
99612
65634
16278
54084
23717
57657
94666
37123
97861
21170
83108
13725
68965
8946
77680
52513
8603
50448
99662
33560
74141
95708
60901
87065
1909
97823
32580
98219
31774
82876
99864
6543
31878
93690
44461
45957
16555
74995
40488
67701
73460
56104
45610
34438
4806
63621
67338
29823
65095
16256
86537
45691
17510
88222
54111
65743
97546
9031
10952
98105
85440
95935
73591
54307
98361
39223
43156
26174
57107
90774
52818
51717
4354
40445
39218
69198
79652
92077
80564
78990
97839
92322
28446
27021
82123
85302
13036
12935
4683
68761
69309
43176
88478
79821
4158
47535
48113
65330
68582
12946
7955
33448
19449
49243
95002
58348
85159
77719
64993
42359
51671
96154
324
57361
76538
86257
74155
81475
30141
98930
42783
12602
6232
95357
47695
45346
91392
56707
57302
21131
29611
36431
47497
77544
78451
19638
1185
30164
7636
26678
59852
2662
35924
50627
3091
53127
85639
29264
29470
71849
46414
18546
2174
67064
85109
67918
65196
28146
58597
6117
82152
50334
27562
32739
56061
35232
93775
19469
46485
1313
60928
5090
64835
33050
99042
16819
6995
84119
33407
61304
45267
59978
22778
50090
69720
33855
3088
86543
27334
90413
39420
63766
69646
70026
45011
64878
42902
50569
68811
43379
42941
58154
69965
54605
16499
49701
67520
26003
94215
44078
92530
26658
62452
92898
88367
42342
25856
26708
85937
98584
22793
87436
11361
90211
29835
57800
79918
11002
31546
63129
73484
35181
82850
52740
50105
871
35306
58919
55902
19075
27529
29450
68255
60119
24367
52116
86859
30891
66701
16230
1238
27529
218
36939
29177
54207
86275
98402
51234
88161
85933
98240
75832
26599
76108
79553
70042
60399
2296
44538
87461
61017
3651
30122
59157
33056
36880
37044
36124
67604
74888
1442
53469
96070
32216
88852
36421
36737
30486
92881
93063
90751
78041
82736
113
70231
9115
4031
75809
60351
7844
52403
93865
86091
36011
655
86738
68880
29750
87258
70339
40010
63153
47310
30276
13994
58021
962
92402
78668
25576
68216
74433
32090
39485
17620
3578
7558
52665
42910
3518
65469
69002
66504
83809
35876
8261
85210
48674
83755
21464
50764
680
83137
94139
56931
56505
48427
63741
81184
84385
62148
27309
43617
63598
83095
61266
98823
23511
23360
10700
72373
12278
52508
19515
25173
83485
40903
31971
38905
78337
20285
87496
55944
49754
81489
42388
87676
4993
5131
75079
20605
97813
87033
63721
17251
57397
84730
95126
21132
87091
63562
39655
96262
450
8192
82901
5655
75663
89728
93919
91828
80473
38268
33704
88680
29698
73320
60182
15497
37806
53264
10594
9852
62
29330
80171
21554
42981
35702
15318
96995
50244
1749
86915
33133
48045
87686
65889
74120
55614
78827
34596
53590
40098
55585
46040
5962
20533
47161
93737
38400
59732
2516
93656
45666
3303
45479
36615
27849
90898
84767
9277
10693
96075
42752
64062
82276
27600
7658
39281
17571
19650
39706
30080
31482
66026
17419
68590
28943
45247
44916
99411
91049
54224
79534
88390
8801
42525
31039
40197
48308
62730
68931
1761
67482
70349
75206
59933
44606
17418
6703
91335
18207
22117
88980
67927
6616
39362
51134
21494
4820
14595
70902
18513
44714
60766
51715
16603
1889
99421
44434
73846
1137
77811
13087
49559
28626
29542
57489
18614
74026
12882
81621
78274
94443
83600
65837
39460
28402
25010
99276
39454
12213
37250
9006
998
17906
19762
5820
57229
48603
16533
14770
96746
67635
28719
25905
97277
42601
50044
27794
76271
82767
59586
34367
52249
75853
95344
66782
84078
22552
58573
85065
6537
80037
10167
89013
63503
90008
35661
34482
57607
64010
66310
30846
96978
71659
99399
16173
58873
43740
10653
32332
95658
40078
4052
959
76530
4731
84160
10063
57820
61720
51768
76717
90430
78643
9670
57551
21409
52219
59051
39282
56858
29174
73331
87303
84979
37020
23743
83345
68176
18962
77936
80792
46030
85586
80061
7178
26882
47558
66836
83241
83185
6073
86683
94557
37310
78485
53549
98443
95946
28432
33734
26200
74221
44280
99612
55135
34832
15690
81592
78129
91716
39102
32531
38775
88755
83040
2050
45165
68258
15392
11013
8851
60987
85363
64391
57562
50568
89635
35876
14471
30770
54270
91900
53291
86229
99340
79664
46046
45202
39650
67348
55954
41732
2811
74157
72217
37668
80035
53512
3966
24838
40080
21177
85780
48861
16794
3009
40138
14101
42383
49115
47008
60981
19221
86039
73259
6087
9697
58389
80745
46943
93529
6277
26672
84651
70449
65430
30791
75118
75681
95648
85565
18388
96761
18447
67596
92122
82821
99102
64707
76336
40598
63742
92162
99348
18835
17979
98564
52063
81543
69446
12545
48363
22361
89402
45136
80665
36724
37075
43756
18377
67013
1803
58117
73493
481
19535
19138
61970
47745
20680
32577
99225
81509
15373
24910
63066
21629
92888
19129
79150
93543
59818
40310
47533
21821
48850
87624
54368
85636
28866
37349
71351
22210
7380
14582
11070
34993
58385
62530
90654
95767
1806
19404
32589
75608
64999
74238
14787
46895
91426
2107
43382
36575
66592
93037
36037
90169
88329
12549
57830
46921
46752
63916
35000
55603
36192
3403
41035
86584
23345
49333
79185
29220
15864
73856
73272
42021
81682
49641
63881
24798
99594
95587
3946
80621
92996
52437
39373
58994
44284
1536
66443
1094
223
86108
45608
24933
57269
34481
10530
35524
41486
57225
24771
14751
19477
54649
49273
30311
77497
86075
47502
94504
86298
51398
78393
98301
51628
55230
36577
92985
44909
74786
27094
30141
76707
10680
3771
44080
74987
63797
37638
21283
46229
1231
35403
92055
71723
48813
81017
93821
85264
51355
24749
80346
39751
28931
56346
39218
88216
64584
59128
49001
46280
27463
45160
55411
36639
66803
29167
76441
1065
77151
59239
39795
30404
68095
91698
20327
15987
19819
19419
40105
32795
5648
92474
70893
89329
98679
50412
14570
24954
46412
39288
51536
49081
10817
27110
94011
47766
6893
77634
979
52623
37089
81478
62330
67595
57941
2462
67742
2879
44311
48493
15156
78493
91023
957
3716
74775
66844
25990
76017
65606
46918
76695
10387
50390
32334
78623
29493
38431
63490
57315
62844
28922
31099
90156
59373
5614
54284
48137
81676
40656
73985
76484
73522
37136
9846
19920
90152
32761
38902
54724
21814
49656
10446
85670
62640
38307
97161
86926
77313
89480
76365
65844
15934
40939
5892
78418
51509
56202
39013
75892
21008
60551
71860
76127
5518
96777
99651
82042
4346
8032
5000
74824
74646
63864
65876
62712
61769
43754
62403
9976
42367
22643
60442
2123
80925
95141
58958
82408
40011
74967
8371
18431
12913
37620
6371
22200
19997
24477
79199
29827
92987
36708
67156
6260
26945
51249
12593
19450
53706
35433
67159
20985
706
20223
11101
720
679
44668
50345
42985
80338
73694
30336
78954
86313
14659
90148
32049
27371
94841
36213
30560
35811
26694
10040
45757
46658
78188
23944
68248
43077
41381
36497
223
26784
11083
97164
18190
65186
5846
34435
81399
6542
53435
41247
84320
16699
78014
34580
72793
27458
63293
66813
84669
53350
93262
17627
93227
64649
67156
48640
90131
43203
35147
73420
7609
64945
22536
98900
59835
94698
15312
12438
66236
55950
25512
96553
44773
88693
91564
47905
67343
22518
54198
18225
29728
17448
31719
96238
22319
46420
97339
94109
92118
69371
44873
82573
17201
82675
30692
39358
96263
96914
804
76259
62639
47472
86349
95932
96862
24578
41976
94633
39354
43343
51042
67151
70167
64762
81545
45840
42343
21725
53836
30936
77715
81755
35941
86109
68636
65078
4626
24657
97554
28116
85350
45522
24548
63874
56447
65
41332
11033
65660
99512
71193
54103
63746
91141
35585
69753
51697
92563
80147
22096
12142
77532
37881
64825
39364
45220
99086
39859
86246
70528
90007
47885
11258
7972
65210
589
84167
91022
79670
60236
87657
56626
5718
91410
70791
31900
45673
83152
41890
72825
52915
33907
52666
21954
74368
26635
67747
96661
99501
58911
8592
75609
52783
67093
90864
51285
48639
76971
69357
54915
87306
26084
6108
4598
25376
52836
3564
54182
40678
12991
28466
30536
67613
70399
89327
59931
35849
7362
49888
49083
82560
84198
92971
86094
93293
37335
78391
98954
81405
98063
21069
74531
27810
28397
26054
34513
86855
50702
88621
91405
73785
39151
25300
18817
32262
95489
11549
1342
65823
28004
80027
12760
51536
62093
77357
92498
45517
67292
22605
69663
40253
5077
1045
24064
83520
37810
33580
12450
20395
66924
49838
11913
60620
87076
47910
64618
35246
56400
29518
87941
66097
68669
68336
84743
65918
77304
54286
51406
52671
20022
92365
38678
88741
22784
55127
67296
30376
1801
843
1125
88955
8374
58784
47102
34100
98923
45344
89632
28184
19618
15009
60715
96702
39289
56700
46098
1572
35313
37393
57202
96080
73989
15021
52521
3022
9963
25860
79795
11618
78456
96507
44527
15561
34367
16981
53815
25571
93796
64450
38546
46438
95495
61418
48589
834
49443
84090
54727
96836
26056
83999
92994
87584
35874
65711
85973
97276
75043
90276
26981
32571
60796
19601
46578
177
10833
44275
37374
61393
26136
70067
55647
62395
73256
42860
75629
58290
46226
9645
70073
16801
99646
28403
39719
61203
78632
65857
4092
76738
17036
34268
38396
46593
98544
73937
28695
74683
69178
26434
78241
40570
79199
32240
49003
62268
56086
66449
84791
48189
29414
67667
49436
79022
82332
44047
7176
87578
61868
72105
84198
71837
39533
83472
41643
87979
4973
61722
93430
95211
5730
54981
42146
35713
46051
95134
71148
82541
65942
44317
97197
30311
60934
66531
86562
36921
45438
52797
3158
76397
95611
38064
7479
69306
35681
49867
95904
79289
13168
32222
63263
58548
84744
95150
55204
19135
60644
83015
1887
46365
75869
33858
43065
70207
36379
4045
57565
43342
98272
21434
47507
10405
44046
25784
82229
47544
60203
45301
18933
25717
31252
89211
53158
64624
93433
41722
49736
76729
66973
10310
17056
86297
5578
42065
1445
80648
23563
68438
2489
84802
52702
87691
68380
22178
99392
60375
62224
18476
3960
60132
11468
11130
58039
82627
56195
90908
19958
15951
18934
14190
23736
73709
2967
37055
33753
29824
11731
37955
68811
39681
99192
5737
55398
50796
25462
89502
1915
43439
8652
1637
87200
75756
74739
70753
43090
56468
20901
58655
53764
29742
36634
46403
61320
27603
31873
18646
88594
3660
36225
72907
22265
56801
30447
32066
44219
82083
93445
298
86321
16176
62282
80535
90880
3578
36067
17721
6258
82671
38783
29384
63182
4444
47893
71467
33857
94793
64279
73895
4134
41979
84724
30674
25075
60979
46547
81058
94643
38826
88864
15901
52639
79440
74606
65761
13660
28198
28923
43596
6563
74748
84936
27019
5787
56766
96346
25223
69878
13830
46189
26008
62071
44813
65356
72496
83145
44926
6643
89519
88061
89647
10066
914
89934
99614
19310
38500
49299
20039
46463
29110
99663
6828
84221
36449
31254
41621
38559
27215
290
85567
31043
15796
81012
45049
72135
83169
79300
98019
57937
39692
95776
72675
55041
42984
30733
3047
92082
75001
32043
91576
41862
33852
22804
56752
1760
28275
98611
70323
50180
27756
81515
73049
421
17661
83479
84588
15169
45224
8703
8882
35920
72914
34750
75407
65422
82604
53812
64625
14755
25910
50300
86505
41318
3649
34594
57033
61821
49248
21229
30132
99190
80969
83698
94231
65266
60114
28048
7141
53855
24449
88788
36666
39681
87442
16009
82350
70786
23642
84956
14743
78353
18685
46575
62078
30498
20104
17094
49731
15540
64039
41143
34953
33468
14735
77891
75999
25342
20187
60667
31296
61742
725
57466
11558
94131
95132
28966
83819
53964
60045
16349
25170
52254
61811
73178
34365
75494
67314
69919
9252
2956
24924
41940
84822
86655
16006
9883
39928
57202
97971
49467
53224
41729
90282
35474
8718
96539
40578
36685
52699
84195
50319
88614
95779
74288
22601
93403
71403
88877
39496
37034
50932
12517
61926
35701
4209
84189
96240
17069
25491
2613
72873
98872
60118
37165
71955
51419
23558
27150
24265
39528
86886
77508
73971
15893
16088
47418
36201
16839
72857
8890
12216
19449
97301
60651
95467
80926
59711
72212
56302
73612
18950
57240
17887
85646
19329
38855
14576
26794
47114
68050
57404
44958
42150
15457
3394
20615
2087
92130
84518
68107
29986
86714
37237
3447
60469
22908
50138
31167
53526
69683
44584
18812
41891
93112
95883
89010
9637
90546
67573
71089
87461
79000
43000
39144
97387
10709
98939
13805
49237
92024
51100
98378
86339
91914
30781
95897
55500
38292
869
57161
76721
50110
80138
85108
39923
51271
84693
38347
33831
3885
74766
15532
92872
47680
26417
5051
57330
19796
67073
55665
60839
22276
24330
49136
3814
8358
18575
35198
27521
22014
86036
4995
73150
87910
21485
22385
44746
84634
74611
29489
77390
29844
13570
53760
29554
10726
53201
21400
40779
33915
14095
47239
92684
54659
81623
17641
48726
78216
34803
52008
12231
10190
87622
18905
39387
19766
7435
38001
88650
4514
57161
60272
16440
21817
6834
5329
1121
12363
35436
62663
72395
6421
92864
20606
52235
77019
9544
81982
9002
73698
3934
69414
6288
18052
58773
87601
77284
83564
83432
84477
83297
95463
77475
28758
55832
67237
26697
46226
58692
78572
9784
5090
86743
75784
41297
40189
54283
27415
40571
12036
92802
53196
95412
74860
33830
50802
78667
67483
63416
26963
64653
42109
16104
57010
38401
325
73231
95950
37359
93899
91132
19103
79096
87649
46241
65748
9442
48677
37265
62134
30511
70300
98733
44195
50037
21737
71563
85538
23503
45606
22805
26775
27749
16883
77948
75689
10453
50916
17284
36487
22781
70530
3394
21568
55356
52936
52777
53404
71951
49087
47468
44654
6790
35760
67283
82979
28190
99037
72806
42291
88469
34673
73901
97923
51086
5263
71678
52991
29989
3765
59327
55421
42929
69675
4782
67802
71990
22690
87456
15127
65504
57243
50923
36487
42254
31891
52030
66498
56128
73375
74957
99771
19618
4735
2107
69986
59150
7149
36585
71512
25297
62526
65871
37666
16934
4707
92641
44785
95732
3147
27029
42856
4083
38413
67509
68688
86393
25756
74812
74037
48074
38995
71690
17379
59944
82237
2918
29107
92512
24763
13691
72782
6519
40844
99103
96636
33913
94276
10113
95930
33372
35664
37558
25689
68077
99713
26508
76915
18791
34565
53230
18198
73431
54438
90657
56071
76567
92667
82351
11434
93896
9931
3
20497
66218
26325
13508
25911
33607
61793
31824
4609
9989
39885
91863
19139
19760
70460
37018
21003
85888
97367
1546
48770
96022
96416
56218
24471
77697
36262
9032
50607
42209
42032
71378
99844
16892
29698
19963
90510
66100
60626
75891
51279
87217
95446
82071
85314
51363
10663
65158
78108
60415
79845
8774
83543
65734
31696
7802
11327
72258
2283
34760
89162
73967
48183
11314
29689
42509
41327
28375
85560
78193
88225
79410
70895
52267
53195
17388
62312
60742
39067
38706
94732
42455
88243
89988
26274
40775
86530
68993
23621
73525
9597
53666
15001
29927
49086
34748
78654
56857
57372
84640
35064
58462
33239
57988
81058
24904
6387
78324
2746
68995
97499
96419
25257
55040
34133
48013
96979
98135
81043
77865
74387
32208
97604
69255
45588
76981
35699
36112
30288
72419
95129
76704
7236
98530
72340
55064
36843
58478
78214
17357
37181
4307
99895
48719
84986
19738
95233
38438
60354
14095
68267
19731
46403
81921
88568
22091
22813
86624
54544
39284
28386
43755
31695
12494
97225
42274
179
94118
40331
55934
70597
21878
29241
91971
86748
15851
69729
86508
145
59530
90059
58708
58875
67027
10825
76073
51721
44506
94989
18528
18457
90694
31444
12003
42081
52878
12956
8479
18587
58018
17159
61
532
72151
73146
47821
47856
21583
20574
23832
54891
56928
93566
29673
5738
8401
30757
10937
4874
65648
42934
25424
94104
69610
85901
82246
53663
48159
31774
71113
95900
56006
32008
36247
39338
82414
16707
66042
52006
40394
67364
49976
60688
43188
6832
95248
24158
62275
97493
24089
30068
3869
31479
17798
39579
3402
75476
82980
22111
11290
7017
42120
81526
87050
27988
72587
43939
35864
13034
82644
79245
69000
38197
73776
65299
47083
47521
78162
3711
72751
72434
69686
26886
42498
76272
75696
13954
69064
48761
72085
2236
37794
74765
59839
37932
44260
237
33670
87894
17962
83657
75451
40675
10316
63623
20502
26
14516
26614
56442
69138
62636
84082
74380
91860
6553
19119
38619
3492
87958
3781
12093
21866
40228
82679
96249
55120
41652
64009
53871
31655
42079
46577
76129
2977
10551
6869
47047
99824
13979
75178
57206
34255
41595
26167
99844
53653
1861
35809
73172
50405
18488
80563
5407
87141
87456
92750
87793
43364
61077
99078
72646
98044
50723
47501
86058
42059
47184
12189
66089
9706
36616
50931
54846
94765
79080
26837
99568
49978
74970
55899
29840
10463
16384
34389
42792
27604
1200
99568
32252
53667
59136
6955
7787
61024
46214
70768
35745
20857
61337
75619
76702
65283
57203
6871
55542
27666
47810
60492
76577
95320
42873
88821
43371
5463
91289
90041
32786
53295
60321
33781
40250
85442
65556
89336
85315
93265
11403
71783
44883
35472
88094
3628
52319
45052
32333
90741
82710
76251
38244
80210
5474
87025
41698
37865
69805
33567
35529
27580
51648
66093
87957
30884
63438
40221
15076
58374
17953
43273
97486
21104
38834
38948
31501
31282
10953
84994
2625
44535
43604
97731
71023
86663
6993
60264
88622
21849
70275
88605
39390
35021
85742
49133
80570
18205
8613
39793
55229
83109
71289
52407
20669
65115
29177
432
4131
89763
92522
38912
93427
6260
88841
78761
23042
47497
97402
26173
95197
81089
43614
96810
8853
20337
37388
54528
95271
99090
25999
5282
22345
14212
52326
8154
56026
82993
97416
46448
99573
53065
27152
32900
6767
57198
39489
40650
31421
82920
32173
45303
86207
90101
26821
86702
36964
68509
76436
75003
13816
29725
36303
6813
78914
7778
48777
74472
32224
21910
92177
83459
8439
10599
48151
21881
89880
12154
95567
5136
52145
94761
3979
17111
56996
74300
2850
6743
16310
38458
45686
85114
21158
30104
5029
16190
93886
95248
54784
39231
95020
31787
9817
56337
29189
12768
45931
26193
22924
15769
20321
72474
4444
66314
3502
70225
13724
78786
18157
99413
36468
45473
88481
42178
89850
78326
36222
19433
17870
48454
50586
38274
622
20502
66396
25618
77714
61845
17740
5059
90625
32044
43211
8068
47426
56040
8762
85148
30526
25275
33315
58782
4808
31784
59682
24330
35196
62800
9783
51725
72691
37300
7099
18731
86216
78986
78552
65799
87346
77005
71969
64037
64600
92207
59106
31033
19181
80857
21981
65446
81886
15649
36457
99864
77232
56190
96455
46172
67038
89081
23637
72118
45292
62701
2957
99139
84257
31511
35626
88475
30588
98663
69420
64221
40681
70974
79331
52665
96735
51760
21756
69576
19493
93378
73996
8208
45333
99164
23280
39808
22532
49911
76616
20596
82595
85739
62244
37012
744
84349
46787
60032
94271
58411
41249
24320
97053
57911
95406
45718
21432
98347
57004
66445
23029
17095
11330
32327
74597
73602
79483
98311
4437
23105
16601
89827
77472
36671
5625
19731
81137
74677
63748
31933
61394
20539
10991
42371
69459
85803
14212
65097
64682
92431
50801
94790
78302
61354
11556
91312
32706
96337
21037
62448
30933
946
78587
76919
92515
13639
51214
2188
35429
44618
45951
74817
71055
97153
45823
11540
83030
20214
91098
45802
31625
64501
25186
2626
52934
33935
6855
15906
43540
55856
64121
26719
37744
3513
54823
92792
46528
91996
77405
3179
2232
53
98105
14358
88966
62306
92497
96036
8748
42310
12458
92448
57393
48346
90722
92583
1617
33481
10191
79616
53209
77783
53829
54840
6807
5716
16201
79589
37821
84545
4139
94138
7496
64314
46931
51698
38576
66476
10087
28944
12309
83486
73256
28656
39647
81636
81147
51335
28284
25042
4796
2471
32908
11549
94545
9358
98182
3265
82832
64581
28576
17792
77438
8966
11577
54468
29453
6304
99822
63304
76442
24583
20174
50397
81036
46900
50640
65779
14361
13983
14676
61497
12116
77533
82709
25986
54092
48171
36135
79216
90046
16821
35941
80584
12358
13776
8340
55713
98734
65533
99680
18564
63922
92321
27692
58228
59128
87064
86001
67122
46954
15172
38236
1898
80044
91650
70444
90980
25954
42637
34394
98805
79992
89958
35134
84142
34415
31643
73149
8061
43895
32653
87344
53299
35731
89280
80326
66108
9273
4482
47937
3832
4285
78607
3505
23911
31766
19169
34785
29835
65872
78273
50588
73022
90813
67797
25556
17572
48174
53990
25983
87025
81631
36368
19554
81017
32330
412
39624
71085
50148
65815
30994
25291
23142
92056
75837
81080
26794
48552
43713
80974
14484
69888
50907
37604
36575
91735
36123
9608
18685
18067
56870
70306
34063
61286
76256
77596
88853
16611
70149
69152
20397
97325
53679
84205
91275
98926
31238
1248
33519
35279
50468
52421
21193
85894
88309
94242
64484
83927
67995
46005
52453
84963
28004
58152
33770
13387
95576
55663
52870
56041
67559
10347
42854
58739
40607
92661
2886
41331
18924
28848
95197
98866
11393
99736
60371
49876
84227
61952
67639
74931
25460
67862
54843
66628
12530
58412
37872
6899
6259
99288
94257
64350
11235
88466
16481
80296
5068
15909
92406
97688
32712
78212
53928
81483
48006
30333
27948
43183
61407
65030
56237
75167
17832
91027
51922
59774
46432
61085
45790
89603
9537
45205
84053
59787
51759
17371
78087
93851
22782
70980
27482
98815
82400
85826
79066
11170
30918
26225
75468
72132
74413
67338
91250
66252
68146
50593
19097
43204
98932
23044
43695
23913
73279
56471
6267
38497
56910
93258
94092
8499
87777
19450
2962
3992
23191
87525
28379
35609
9322
27544
9201
95167
37375
90794
97995
87303
54683
95717
7958
74156
65622
21966
68558
89028
74040
73077
90432
12634
28841
33425
2122
10320
76005
8664
99170
21427
62756
38767
70371
49350
52398
99613
59142
83014
75001
56342
43922
35377
12809
93580
62968
12618
29674
60295
40098
63922
48044
99892
7521
77465
29280
47911
57697
3610
93818
72089
52564
3729
13318
23864
85602
50735
62482
27049
37892
24908
62358
62298
57506
13078
36853
2066
56112
13963
72859
13718
14331
66668
16633
33618
16065
15562
57183
55891
79741
95365
99300
20272
86696
70850
73331
9566
85092
99368
25536
13426
81137
25170
86402
71629
17505
68081
96984
73337
31964
87602
75468
65492
52098
40060
48392
71950
58693
56344
5668
86724
85222
90176
11371
86860
47121
23709
94117
23978
95341
41384
30645
22635
16889
4320
81835
1420
28327
91519
7135
22277
96681
47562
29421
26676
98667
80371
97163
78083
51769
1798
6953
64602
35919
83306
84871
50402
50998
24786
46385
90964
26452
89379
37684
87209
11207
65874
89073
6745
37528
67118
79175
84611
45370
3449
69122
4104
20474
1038
68461
9979
77666
75697
72590
85589
83591
59607
42926
20550
49452
40595
90194
45792
20023
86034
5022
75465
5509
50843
37069
80805
88562
21557
46133
48991
84364
32311
62699
91002
63381
27622
7206
6409
46397
37804
3107
5497
59695
9466
22240
38051
96593
75051
97987
74840
77788
52129
24726
21290
19629
39147
72261
44886
55428
36002
17854
69803
61425
59511
96056
72479
19402
21184
79913
45148
86698
3748
13745
15301
87483
11732
58362
84595
29996
66542
3400
11141
34961
40336
95176
4970
61863
34739
3924
31546
35625
61788
35794
9382
30894
33186
40230
37028
73400
18949
32661
48601
11415
96805
33385
69125
82027
77117
2127
29958
60263
41144
90329
74636
64596
71870
50966
83382
93629
57151
34317
41170
38150
18114
43947
51946
7317
83705
35743
47162
65153
89222
59157
53809
44444
30779
6824
63470
99112
50331
31996
52254
78292
25116
63997
92159
67027
49069
96292
82648
56073
58601
72828
10429
47320
51820
27487
61810
65876
35081
51358
6523
13436
3304
50101
95588
19929
48540
6722
57188
75147
83927
98621
2739
14708
99330
39795
99454
88627
31229
914
35606
43757
82968
52820
18435
4932
29671
76662
76674
70925
15778
70453
14122
99223
40133
74836
56442
51603
87983
18597
44455
93920
29293
60558
94287
82656
37027
75526
89410
74902
93797
27216
9407
39158
13846
4512
47895
89825
58507
59597
73104
15702
84550
33372
21068
72784
36765
68012
70831
92608
72859
52189
17422
64830
6406
32964
11482
57379
54169
84363
70309
98946
13337
85882
41571
61009
21100
74548
38167
41226
91625
62133
77678
34228
89973
20288
38125
57172
17880
13335
97730
53834
26060
6377
68217
95432
27499
89515
39780
76437
35729
35634
4872
90465
75161
36348
811
28863
32126
72350
11801
44214
1740
10117
71294
43460
5977
6628
3210
29209
59695
37933
41876
13555
70322
5045
85156
69088
39524
52581
65774
84858
29362
70054
13877
90557
69673
57226
53241
57462
59195
85627
51977
2501
76742
25005
11616
69111
61026
29036
36046
93983
95783
18211
86747
8373
84803
97358
37948
30368
19142
57951
37428
80993
26995
40309
34962
54448
78776
94917
18607
23414
54877
93998
68173
27430
24927
91483
29650
14841
28574
12870
31481
78392
9280
62584
72258
88561
10376
89793
78660
12747
75977
1536
68215
47546
50949
72196
21321
30721
13225
69866
29611
80565
92483
49946
43763
87653
26976
89262
9629
95834
53889
65976
82877
23775
84585
28909
35059
22288
3918
40814
22895
14060
88502
31291
16235
71326
86332
82890
68373
49204
41285
721
40309
10902
75711
90295
84482
21817
63411
47361
12297
70724
89513
71225
73693
38801
76210
6112
63308
2543
60755
15451
12872
88118
38967
87929
4865
61550
4931
52047
94990
84318
48623
6403
54846
19067
24898
34607
45085
14940
68471
27914
65561
27923
62121
27049
74067
76360
56470
87185
70751
4177
44651
91315
34300
89478
75347
85877
77414
47693
59180
80289
67387
73152
38900
47405
56860
72057
44974
71923
1871
15154
52234
99601
19713
46431
79840
49675
60070
57186
3416
13140
50620
27458
34267
63468
72218
33601
69086
99667
14316
51962
58232
59156
3494
3472
83127
76230
52687
60002
27687
51529
88689
17162
68560
57996
1806
43845
85311
7448
28760
73402
15394
64708
48007
26048
16614
35682
73999
12790
73478
15260
90356
48055
94415
31086
19870
79129
88623
45670
68429
34838
78379
55567
43218
710
31735
27213
18928
67964
11783
88655
64831
32774
19573
73141
46174
1114
87059
4206
67555
45000
84660
95133
32027
78751
34205
95182
89621
59226
57932
84697
64961
65519
44310
41927
27730
24838
76572
60903
43624
9375
82520
65820
92835
41500
5757
85339
66441
97622
39612
50491
83160
28183
29724
92397
8506
70212
10931
52686
28512
97369
17568
80607
85988
20827
88632
79658
39196
44126
61125
49504
38864
91106
31970
22230
26048
44268
52306
95832
84892
13362
88716
16570
83701
96965
40795
80420
12487
81331
91913
39936
9985
19307
16285
51011
27313
11529
64382
12000
10159
80349
30480
68486
62761
25159
86880
16890
2378
11136
70375
7707
64199
60436
15213
93498
53313
23345
29090
37208
22029
83580
86910
65958
86884
23143
59584
75331
63120
52249
95626
41911
1080
97699
12465
72743
25557
6059
84720
85699
47844
96974
94517
96682
76284
42648
20630
2430
58763
41923
37742
93798
70520
60989
59655
86749
91426
26856
46147
23341
98450
7060
1473
28568
19329
77238
59140
63023
17639
238
42959
1636
75177
79389
32333
63087
42792
94344
34961
84591
23882
16545
53602
48997
24270
63373
16922
14134
61306
49482
80418
11910
64893
98731
43966
58299
20866
5304
27117
31816
79215
8639
32453
53896
40823
94572
31836
38694
75008
26078
70856
19766
595
18303
54050
36852
4251
94069
40166
58951
43818
52068
82945
79401
2089
98152
54055
92223
54461
45573
15841
52541
18389
95350
77172
4335
42971
41510
72973
1290
97055
77538
60272
75456
25444
15066
93362
70824
81780
22281
49923
89940
69102
82249
81124
20099
28652
84806
10262
17073
48730
79297
15139
21529
65241
82242
25334
10254
75311
17775
92712
96423
20696
92893
39743
7242
11579
84548
68874
70902
21464
13030
10507
68635
31104
48735
13819
28183
7978
40578
62867
88276
72947
15079
85847
48934
21870
62994
13809
36890
17487
87905
43558
50679
98181
86946
67695
69189
47755
93109
90336
76206
3920
32418
24988
62145
97262
98544
15835
52670
21871
50630
36929
73505
87145
73968
31201
84790
78687
57998
84162
52860
19247
76992
67047
2829
55403
52877
35723
9528
30512
16821
75376
46262
32565
52875
98757
87138
15381
38354
76055
79130
40437
24910
31658
42094
92588
94030
66326
68116
43808
41327
38402
97390
21573
7586
45482
92680
57217
63553
54204
47187
74543
29368
51289
16995
30031
28467
34117
85448
37530
37050
57176
44600
41394
32919
84753
56524
99183
64372
38516
83880
24742
93135
66552
70920
46593
49084
72012
57409
13849
69372
20589
26400
20454
6564
24164
24274
3034
96370
28757
78781
48002
46717
51365
36439
41155
85547
11707
94145
20688
83284
89715
37855
62498
35422
97805
96820
75836
5159
65353
70885
56133
46237
48848
13972
55331
54725
63476
58115
86451
68887
66401
78040
75227
17866
76229
88753
9207
67828
28477
21178
31425
8486
36931
55516
6305
3133
47323
22208
93721
950
95683
42374
36925
51473
58191
38648
28027
43609
77844
61338
13163
19473
21472
23009
84780
27172
44217
52192
25744
93914
48775
11623
28171
10868
88385
16159
62036
25933
40064
89522
34664
11202
2641
84471
58588
3082
18977
97438
99186
81484
69275
23892
9473
85614
50672
24877
16928
85917
25826
92333
6839
10745
65300
2004
31419
53028
50835
88204
52496
25025
4443
37454
3481
50881
57383
99933
20012
5848
42857
59250
95147
64458
11826
96328
1614
34609
44896
89887
33054
80588
45741
87253
32678
82944
1490
59254
75468
16997
1788
96728
66788
52311
70598
75015
9571
21750
62559
79544
87228
3230
71068
59266
38766
87379
41838
87128
73726
47447
25303
19101
15592
8623
67105
41783
69894
96698
50706
6994
76878
87060
36865
60190
82454
90851
61405
26628
71501
69140
41400
46380
10038
60340
56578
1959
55865
83421
3254
98531
31483
7249
83921
9830
31472
26267
22859
64209
4729
20052
15012
92316
97318
11359
15663
54862
84515
93601
32779
81819
11416
35621
96686
96424
48598
51108
19382
50431
10873
77752
84626
45529
36417
66775
84971
87125
16145
2924
93712
80162
31121
4379
36459
25319
16506
39891
44587
17131
26243
80790
933
41819
42904
71899
81735
83901
30120
64308
82926
6576
27809
13126
21204
54005
51753
35008
34400
67983
70184
25147
38517
32765
23224
23742
55958
22902
33921
43675
83573
71716
57011
709
9248
24210
17845
96168
63736
76302
11276
31378
86669
97113
46000
98187
13462
29333
31537
78011
95346
75238
31173
42208
69161
31614
21660
13116
49779
75436
8136
46150
57271
990
64859
90479
50559
40540
21583
9035
27127
91325
17958
39324
9996
50785
34517
80788
55061
2646
12448
77945
64243
17227
16723
42754
62693
9405
73629
48422
14823
81714
44816
69637
94460
97623
79367
48709
56300
97278
7553
51830
53764
97851
1564
45237
34664
97744
59008
43300
63591
32824
71490
57482
78017
46597
90811
4434
8317
71415
87018
98808
34698
18264
29479
95007
75666
73528
55565
25916
49831
7351
26537
11323
83821
99413
75098
61523
64449
38880
44148
83548
72455
55928
51255
23540
47882
8220
42924
39408
60895
1788
51781
73177
43211
76933
74250
25934
65554
27452
4008
81686
38769
89593
61254
85797
18818
61182
75509
26089
95324
91573
61954
26311
45797
80410
22360
94682
2656
90720
28951
42115
75364
35287
34341
93233
69857
44480
61771
42813
19758
86174
34889
95448
35839
78919
82571
96630
47869
41123
76086
53935
33913
74144
35965
7069
67039
66297
30035
31156
29503
74600
71718
96695
21743
55471
66497
27553
16642
57118
46626
78843
66271
5921
97802
88806
66031
78871
65134
70561
25468
45006
23906
24602
62609
15681
92914
64727
57311
95506
41646
48400
29838
64435
86878
40905
92602
52919
80682
54867
37951
81787
52894
83759
76948
24539
76082
94794
21010
97796
4856
89012
90376
32727
80771
16349
25306
31340
21
31802
6570
1303
94324
65861
65275
41537
60948
80222
78572
68393
34920
31155
29426
88960
78634
27535
35124
15420
51518
53485
31654
44586
37817
38406
10825
61399
70353
78726
56575
36849
19726
20383
24041
14267
51187
12037
20759
79036
74129
17119
39932
47773
5065
60519
2745
21891
66589
49801
95329
48598
34411
30070
45214
91908
7894
1192
70780
17046
20094
40320
29446
15783
36326
27170
91995
36914
39731
58964
64645
53296
31884
69012
57312
92771
74749
80946
84160
77439
56970
30538
45185
66256
4647
7679
8513
98076
46371
21780
65790
32902
78944
18620
56294
83226
86319
58054
45825
53655
9918
33279
88717
57974
81616
67483
22235
27977
68280
85456
53763
80751
63965
35526
2445
28965
216
38286
15679
15649
72170
23939
59001
56156
17507
12141
35082
20841
78461
21204
94319
32747
24943
18307
72634
85377
20399
93401
42741
4558
99288
45568
42497
16666
77690
86811
24069
93094
73251
96577
27734
11243
55538
41917
80319
20469
96882
55765
72008
36783
78096
15708
39925
11203
19031
74055
54835
67876
86770
33302
37537
126
72281
90602
30049
86938
51266
54915
22184
50798
59474
74359
73970
30654
84875
42912
30482
62318
90637
47047
63529
41206
14366
83451
89426
73929
29838
7182
684
92814
95804
65225
34853
58411
10654
70677
95574
51237
61363
6231
98997
84334
9919
21248
41212
69554
16814
83521
13702
76281
19964
34222
3478
95778
51795
26298
46380
66945
86551
86624
72260
3455
41362
68010
86250
17800
31710
90408
30346
60806
85990
52329
52275
31459
80645
58687
61423
21899
30286
72714
54240
24023
4565
65068
77005
74991
40588
82628
46726
24111
73891
10710
47818
59738
42347
7746
43390
92819
52478
81972
58920
59313
40546
34200
98913
44047
30690
73045
8700
60415
19968
73498
88943
20937
29040
99967
81021
84122
52744
83255
6113
30408
89874
86471
97054
18262
92170
40731
64529
46203
73974
51006
46709
83716
65959
53048
78001
49462
91825
20541
68982
74068
11443
47858
74241
83440
31180
64098
29500
14266
26447
83784
11941
97099
40498
50372
85445
70226
17719
14684
54958
16596
59803
5893
92910
62310
97422
66414
80770
37502
8402
61495
23329
60286
80959
35408
58586
76579
73491
38715
44442
54695
20567
41146
58666
51063
59088
29589
65162
50684
53048
9541
16612
56346
16672
42700
71245
61193
32776
36702
65669
14209
24364
698
41870
60937
53254
74687
96282
16470
78388
2817
38254
68841
85049
46238
23098
43817
87950
91775
42653
23523
89376
3908
44502
15500
92800
74695
48742
84557
5500
71258
5655
76051
8013
2805
7566
48312
73390
8346
81842
87182
15885
34439
19357
27481
25243
5382
69765
87818
90823
87993
83442
54494
34842
41372
49092
47293
24207
98658
24334
29140
58421
24026
38857
14284
29338
6342
10868
75232
95103
1779
49282
29608
60287
58219
33036
21569
55354
45559
85977
86857
71171
80398
84665
25609
63602
60858
68359
57509
36027
83955
23524
69191
82233
91920
24777
12648
1421
34701
76156
79169
59823
74878
6462
90700
50885
78174
92127
66845
78569
95571
55899
20320
51056
39759
73656
48592
72966
24762
19365
81196
94509
38699
10515
96113
58241
48776
46438
94561
31114
28802
10340
96123
49263
12977
29393
44904
97528
19569
78487
10316
79875
94539
16431
52598
3233
255
82874
13741
8212
14763
58501
14694
38777
69024
49862
19093
94824
12129
5459
71346
265
55054
34910
9114
34710
66843
34541
38036
80934
13484
48299
82956
12741
8397
32972
18890
22614
5252
88582
15164
30112
34532
77057
3378
52426
88752
86271
90302
56099
43853
33326
10132
18787
57578
20539
80961
43203
18122
49238
4464
50353
83564
80626
15796
96549
22287
60196
15238
91211
65868
33827
56850
96403
63062
49609
61203
69387
313
57849
29653
7533
63204
2087
91981
10063
46289
33839
52464
80720
39116
64465
63920
31063
25866
1745
37477
31321
83479
60798
57840
23268
93018
61350
57093
38969
13723
24630
33846
24147
8985
73361
62285
22564
61157
84904
93035
52405
20713
46758
84782
49656
36501
93631
89526
72951
1141
6435
86126
94676
4702
52241
75736
93983
48326
56065
23354
52210
19564
94123
38734
26531
71191
60233
69410
38748
74398
18307
15650
28063
65937
81695
56862
39595
29806
97320
85461
86718
46997
40635
82664
97512
50687
91006
24992
86120
59295
90439
41644
8243
20468
28182
80954
12717
67137
7480
22848
37805
81884
85875
18792
27856
5158
94523
33247
87845
29347
67884
93446
33398
78237
37159
56470
89886
20454
4807
62894
55860
44292
83266
21001
107
96901
79755
62583
53719
3432
8625
98338
31826
86182
89832
14189
24257
14413
94220
21712
72631
43893
57007
5946
71026
67434
52891
9198
40721
10857
80305
71382
69120
61677
1942
88894
60370
96147
25924
22813
62708
69582
12053
3925
54203
73159
24178
70101
23653
36435
58535
89331
64806
50381
1615
6137
990
36470
19105
80065
228
78646
33553
72348
90440
45277
91333
91373
78948
27936
70340
15256
56560
79947
99456
11050
92851
52223
50416
93567
81491
36994
71412
13210
11545
51673
44868
40041
47250
85853
83250
872
33554
69076
40978
68360
24793
72395
20749
10171
22772
68355
73395
11818
51931
29142
58501
52258
79669
18172
80296
88728
9996
95826
23477
87502
10066
19705
30961
55272
87262
91639
77920
78835
92157
67868
30852
83171
95213
53753
6815
88455
76904
61297
85266
49721
74317
8162
92815
79146
77471
98663
48318
80834
53704
62102
3842
40583
95287
11613
64351
64820
93339
66917
94178
38952
78535
123
56721
77370
28636
94073
87170
548
5239
90439
67261
52800
38093
54014
40108
46082
83803
53508
28060
1063
31860
49163
70829
91613
39367
37064
21447
51247
25145
2748
19010
73157
15491
69533
5186
52385
52158
13385
72561
7547
43363
40480
78176
82166
25705
39369
76729
57545
8196
54263
3529
64093
72390
96390
4561
85990
43651
96796
44575
42363
55980
48020
66383
14160
46217
66861
46017
52143
63725
5357
69185
72496
33731
1281
29442
37562
74564
32552
27727
61065
88473
97887
25314
56979
91205
72622
76299
95297
29940
32295
19927
76616
62154
64026
25329
81384
18683
89835
20077
53108
89747
68186
7952
70402
16186
68611
28038
5771
58497
27936
30743
5731
23361
92288
57372
81400
50040
29390
29825
40894
84447
74341
75392
38652
69629
99216
67816
12895
52099
40823
65027
53109
6790
63217
83697
35670
30821
96478
73364
94543
71017
29255
65389
36404
65506
74230
49261
36427
46747
48949
29
91959
80929
44639
6414
10512
42153
95108
31080
97141
86937
78764
76081
91965
69850
3826
47637
97734
13753
93748
35841
60615
75940
16386
30455
916
5789
38899
32114
93264
45917
22397
60905
86679
18883
54882
1196
76904
75163
36181
62283
49579
63006
69181
179
21800
221
64484
90323
15754
30856
23337
46439
82699
24178
60757
70022
9361
65742
57454
91368
13469
58449
60727
12969
23555
59954
11074
74047
79889
41014
39470
17635
81719
91873
77894
70573
84283
87405
38394
58521
89104
15902
81736
65425
17300
23301
72533
77934
894
79553
63246
89205
81941
39625
92667
81433
9723
91083
41409
20295
93730
40179
47046
94905
54061
13015
23740
92582
94030
53535
29830
6717
21158
71739
7450
11485
58259
86640
73001
98941
69937
81280
16793
57498
97759
46935
74992
76594
35537
50072
70473
52909
28308
70741
3496
66845
19489
8921
39041
72135
87396
62562
2546
15647
8634
92798
33231
82056
72419
27272
81309
17873
6031
34084
49222
40978
34566
17538
77777
45264
38714
438
6562
83360
20414
16820
34714
49940
27590
9617
35115
97761
24515
34699
96914
42484
9442
94462
51020
5045
74509
308
54083
53990
9582
65280
18343
8946
97075
82671
15227
42363
36154
69148
78188
89519
77300
6836
89359
16035
70589
87411
73321
45799
74100
44894
60817
957
91842
95573
29114
85930
23176
63510
24262
49630
88523
60624
90405
60419
8533
34832
95420
57978
3976
98319
11249
83551
84260
15264
73229
33954
15595
72499
56121
12261
36414
75127
80254
54291
67381
59001
23668
7485
69939
52872
73285
22681
14295
26412
30057
65352
56099
98460
63121
2234
5854
15408
41240
29238
45224
81791
23224
11977
78568
74805
72052
21193
5992
88950
74369
41202
36663
43256
17273
42418
78517
90569
74746
67084
25000
62048
49087
24095
42410
73966
67845
5540
95940
34656
74278
71679
66013
79806
43459
2329
87697
89313
8760
60169
51031
19650
69299
29467
94549
13354
634
36464
21810
76652
67695
36289
33117
83839
76696
16455
94717
76905
87639
4259
3627
36286
30323
52702
62867
39742
95773
67211
70093
33944
53288
63513
48578
88356
74050
40965
85597
17887
47886
35727
49419
86346
79849
45659
52477
74625
12466
21928
22383
50047
74574
88552
1634
30678
97356
77835
31117
90960
20104
61462
28102
45769
93969
54385
85997
28449
29044
59240
90501
18728
27720
34298
24778
63935
90977
74396
43546
78249
89025
3617
43606
15340
87961
37585
99472
46445
10538
69058
98457
56269
9428
17296
52766
10169
74501
3613
36319
27377
4723
90756
94672
20407
17185
73722
39523
56776
96838
17586
47020
41314
30402
73938
51758
94547
80448
1357
49824
70275
53449
30445
81188
70905
4817
77028
98586
86868
31446
38525
93747
85199
46201
76863
77615
48959
62829
51955
74676
83329
43575
20514
9738
64199
1413
83212
95919
4853
47344
85357
25554
29230
16500
84804
687
59180
37449
15729
69635
55646
16780
79763
84515
25378
79197
39693
98664
69447
73231
18805
99315
18658
36243
62483
92428
75125
95622
78060
22915
63996
91555
53584
54810
57746
13023
92143
62371
95301
98912
49518
49125
45954
576
85425
47304
86464
66275
78045
91833
96032
64723
37525
59927
71193
47812
47409
17982
17145
26604
72900
6779
55739
56393
43771
88820
4137
8761
32850
15439
64729
74312
88796
98953
66105
7275
53427
62480
73279
95635
54322
96405
14208
43451
87265
42030
77280
70598
70932
41087
13938
5931
34261
66347
82094
77961
34487
55274
91780
56838
44879
76418
81673
26406
47843
90529
97926
38458
69273
81742
22173
86771
15505
28159
16030
40282
71213
70707
83274
75063
83326
23060
72553
60697
36656
179
49613
11462
49092
17104
8422
30233
65545
50590
57163
47307
80443
40773
41012
36338
15399
43086
10974
43463
9077
65648
33815
61809
57708
85024
24795
89104
5157
81544
41831
76754
2966
36477
27448
8787
3120
64016
40163
72785
56741
52463
94546
29712
13947
45240
47393
32004
48266
40876
13745
78334
12457
87170
17154
53837
43970
2846
22710
21498
6190
2828
23638
30946
83192
39878
2321
26794
63347
61316
19222
34927
4793
56649
56652
64790
92185
27201
38657
42993
40057
23773
15160
20282
92028
84484
77793
69429
61956
29019
43316
64214
49408
93447
70195
48180
61466
94699
39810
76031
15051
19777
99052
92803
79961
81564
6671
76609
80410
10169
66304
51754
53844
26795
48267
39188
42863
66220
54375
34549
53727
85286
81814
31509
916
56410
33420
3152
71991
25818
37497
85688
68161
74652
77737
18828
47949
43930
55209
88232
99172
42568
50193
20627
72142
99190
28311
18536
27597
6844
59107
83954
24150
8666
66189
59131
2041
28951
22258
51514
70078
79835
42186
36926
38733
75967
10706
62232
70028
29634
3952
47876
41590
49054
59362
42005
48474
72044
60983
5830
4657
15702
73347
56298
1500
47967
15057
47596
45350
6467
17444
9050
26261
95341
6052
38716
46491
10795
41786
25349
57840
9822
55711
31690
67132
93466
83537
17189
101
89844
86832
16257
91352
78902
41195
50649
83041
87906
11990
46850
95879
11812
93551
51497
41504
21171
86230
81855
19529
72217
3038
14990
52411
95357
60166
95480
80868
9945
30533
4728
35918
51599
715
55898
21466
85335
66371
41123
30381
30157
27162
73495
66859
72593
21770
76274
59111
9541
11663
94332
73911
47927
96483
81193
74435
19796
32764
55441
39292
17557
97525
75527
45671
27471
60401
89577
96776
40354
65596
49226
17026
3112
87484
86503
89592
16719
9898
53154
71326
59523
16595
264
99964
94974
73742
38901
86803
94290
42616
91432
19126
38206
65776
23780
42175
97082
85304
35151
90213
91723
8055
95815
83909
8407
67860
60414
78446
77265
50478
94834
85035
59124
231
57963
55341
51547
55235
57330
9798
11647
29217
76681
48203
84376
14198
9760
27253
40920
96989
89699
50899
47645
62855
44896
81509
50906
41997
70809
83776
39765
73624
98009
66417
8816
1887
40972
67833
35645
71583
6643
52955
11356
86078
2776
85856
57245
42669
34087
28763
10873
27573
12256
12276
65586
39739
86092
32783
34614
38521
51341
37334
44566
52019
9371
55992
25813
71954
23632
4428
12171
25069
36396
67457
48345
24467
33958
91573
55743
40159
64059
94932
27831
65675
53001
89697
43242
79662
5303
64939
34194
13067
77563
4285
24718
87185
70017
84781
57084
6047
57733
32681
56745
57475
14839
93112
90716
3105
46089
28111
62600
25770
33107
75576
56496
44790
91336
62287
89205
15211
36340
17064
23597
26749
78295
65900
85223
68289
59087
39281
29099
63317
35859
47958
73042
81936
3358
52476
67503
58306
76499
34010
73872
52777
69175
10999
30659
8360
12705
93918
84548
91763
48570
4607
91695
85252
25973
58212
82902
31593
22822
16717
18988
18225
38732
5264
75047
22276
3425
53359
79413
80154
4822
17510
1997
61791
37995
58063
31444
14613
45425
28913
88459
7489
51032
86379
57046
28740
13939
50883
18292
99526
62560
3198
21585
99427
63807
58889
25632
64851
11691
56081
21604
66750
11311
22988
3567
15574
52584
93762
58612
99391
90682
37841
13985
77403
55370
91056
41283
96774
73013
57508
49316
47691
41209
28274
1432
82527
48442
3690
30492
42842
52008
84346
15336
80375
28057
10418
88836
4803
57720
50977
18508
96566
50540
3971
37881
74153
3911
80843
34365
16246
43728
51134
46112
44677
25062
17047
58912
8135
73809
87156
94857
86809
39287
67629
64677
19280
55095
97949
43594
22882
59475
81042
48229
17752
79364
34003
90148
40428
67692
29804
37896
23612
24914
82040
42735
12910
17152
16530
64086
71140
12843
79757
69994
12608
43098
96775
62644
35848
52259
7866
75218
68422
1037
7169
95793
57012
64035
35791
24408
65150
62899
61806
36847
98192
26463
47761
75205
88753
95407
63487
6280
395
90359
93070
29103
88524
87933
45206
40080
28278
83882
48594
30068
60608
10751
54171
53546
37345
22165
25540
86990
99691
28638
31592
57685
88794
73987
61377
83971
36127
38642
91103
9232
4403
78837
25644
97854
12106
45392
82854
12836
25447
98708
90453
35013
89019
60791
59793
95812
48483
93485
11138
36426
81675
85141
73046
10024
91717
15715
84487
58656
6491
24280
33882
61657
45438
82170
91323
20631
1289
47033
46415
83781
12590
64121
39016
11632
84940
51668
66210
50862
43676
63882
20529
2625
17660
29596
95336
77974
30408
50629
45346
16122
12518
18105
38474
68670
27809
93567
52706
66777
58070
83888
93147
11990
99888
50368
50789
38081
70238
39180
55904
74536
35819
95301
35510
98419
79072
90790
57199
46489
29882
36319
456
65901
29663
94086
88181
78020
30218
89410
70923
65586
86666
28328
92107
35119
49382
81438
72520
33314
9752
23639
76962
78217
79126
67560
8024
31334
15680
81360
47029
30469
62620
45098
88229
73719
40943
60629
10146
1254
95657
6728
83910
73519
12985
63802
78553
69716
39516
9797
75277
10987
81333
95548
82319
51144
64833
89919
60092
71813
62968
30890
80233
71253
99042
70902
17862
92169
38978
63404
74654
1956
21160
70975
61823
76374
77106
54855
97768
45676
48122
97926
93915
190
57575
36368
44730
56459
7562
44147
55730
50194
82490
34875
25646
81895
96851
61269
91880
62360
77709
99023
23356
86914
17120
29749
11557
51553
80338
36051
81376
27181
23748
34585
90600
63240
69189
62332
52567
49379
52377
8889
56337
24423
73189
19143
6220
44967
81218
97536
63755
14550
58522
54116
74040
15986
88006
84241
39866
95195
62133
25716
5373
40823
31063
44405
85364
71664
63344
92082
52677
59965
666
67231
22544
97437
35001
60306
69941
88409
88412
60947
79133
17246
28309
61548
17941
50557
65529
80451
76963
49728
42061
49768
98247
17032
21250
27461
73208
692
61383
5380
59507
24303
99726
53825
5059
43174
96084
70712
19439
79339
9893
7280
78995
72408
47420
88434
87128
32810
53620
31875
37468
47597
69455
31128
42251
9178
48469
50913
71081
99329
8588
6100
34007
12903
2875
16938
87060
39338
55991
44881
61175
4864
62307
22475
79303
98908
84967
18133
15962
13267
67111
67368
90777
85671
12656
51255
30733
73006
53979
61937
43205
21300
47533
24798
28578
32366
3219
34478
64815
6244
9518
8371
38354
89262
56688
85182
64491
10397
99200
96417
46102
9534
82233
91359
99333
8974
48075
53319
46966
66155
54105
43795
4162
87975
32742
22412
32408
34081
84581
48848
87272
86599
14413
53896
22030
90225
72548
94001
92129
27946
68033
89405
93660
81487
9723
22233
56151
47545
83934
1919
69838
7867
27272
28414
16325
36060
30797
97786
94823
62877
70712
80202
86902
164
98558
54710
53669
35766
5213
3543
51777
91078
24446
64026
65186
8867
88037
54128
70950
6976
98729
15530
91426
58251
28584
40705
27218
76342
74953
31593
44065
54038
11391
30147
997
10616
90035
51085
54735
56193
51825
82428
5207
38991
96240
20129
79566
68844
98185
96649
43330
73811
19317
13388
3309
39008
17135
62458
2998
22280
77561
53790
52013
73996
13128
50079
97991
21213
54486
62364
85432
94346
90783
63102
90887
78530
77593
34522
96636
88060
169
12965
93938
34178
75210
44032
54391
23642
26418
85967
41282
6146
96023
36597
16504
37286
76586
57301
41315
89576
34507
58555
42649
88236
48449
51783
11319
84361
91685
89194
40260
39254
56386
82570
53715
21156
92832
3963
95110
21979
73305
5425
44268
82421
84589
61202
60371
75796
34489
24406
64283
26790
85417
49460
82810
66060
91905
10574
33683
63955
57682
78333
94654
77737
66167
18261
18442
36221
11203
19203
57817
48124
16666
11506
42891
17578
18117
68336
54132
36109
55479
44982
93092
2043
14439
77038
48603
82336
54429
89284
99588
28325
22516
21600
64433
2862
11288
63415
74427
42806
85135
95863
15978
21510
38368
70895
37925
98089
25186
89593
55540
88551
41140
39749
94874
69693
52922
84242
75156
83933
63638
90343
93362
34436
36813
52326
78616
16020
75764
82459
73538
73163
78327
64417
23982
28381
9085
70459
13537
84656
79515
40013
61676
7971
16394
519
32472
92428
29736
29868
50206
17008
62037
77065
93703
85794
39285
48115
54336
98688
13417
89580
5614
71087
79463
45961
52956
44509
59388
28493
68644
45641
1764
25833
30466
54642
66862
66062
57604
21471
90990
46685
46462
8946
54217
7886
88819
41820
95617
36364
49920
38219
55830
40969
61900
54458
14671
18152
78680
64578
38408
24071
89223
2453
63722
56544
79216
92096
21335
72127
73034
10068
95959
44591
66615
36040
85893
51470
606
93915
14079
43896
26438
33664
2383
34031
62323
21818
46509
878
61668
9719
9389
9020
96450
17987
45047
35425
66882
44486
96640
52828
32839
42395
21165
31103
2537
19962
41750
85228
57600
31183
89325
45778
72378
87080
44385
59297
27953
45765
84889
1807
25341
69777
40631
69966
21460
57106
45146
90967
94608
92732
55727
80699
13268
11726
32291
28289
74546
25308
24634
40548
63308
36169
95993
79094
49602
88159
46925
71931
48213
30423
44186
21797
56602
94569
6581
8744
91598
23896
14987
50699
15142
18383
69762
40214
48054
25636
916
58710
56564
20661
3366
72294
45599
20738
46890
58957
48176
82225
24178
63430
70338
14116
62971
74641
70408
1105
42785
23898
24169
73340
21048
21320
6200
55182
49638
90955
40118
11988
38756
73400
92336
7573
52018
13323
27110
32615
51263
18660
52413
99858
82325
29925
40605
84999
21415
34009
31156
84214
43556
82191
41773
39068
95863
29171
77085
99220
37318
51702
66978
70646
62404
59301
905
75562
78573
30783
41288
11009
67788
34991
68246
75990
80069
74220
25241
63183
57006
10960
12487
71554
3878
93854
8353
94716
54398
32890
3688
65462
10295
54396
91441
33101
31493
67667
7847
25665
90058
76225
40343
23484
79569
7232
66170
97926
41636
51309
48973
65599
84702
40585
70822
63394
66925
85070
66835
56607
13191
44194
85161
83357
78595
35675
85368
80443
87899
42235
224
61547
63718
64604
73425
6304
7669
81233
47241
53321
16049
73844
16298
74033
99814
47119
86978
76828
30425
74641
63996
34360
69370
98489
86183
15086
34882
36658
3328
86284
15591
68766
36064
81106
24185
97011
58280
4546
12836
85848
68898
65054
66860
64803
61521
90764
80108
78855
94678
3947
11454
3272
92723
59629
62400
97179
84303
67017
23702
2586
31104
38639
75899
78032
14640
40580
1472
32970
60790
52645
4005
44
74167
9754
12074
18769
38952
53625
79861
57158
55293
54048
21062
33590
95796
1431
57020
66175
39375
27749
1786
71739
16143
62051
97949
2522
92350
57960
5624
84865
67292
98313
72850
34743
3654
809
22175
29078
7373
44049
13443
46682
83495
41945
77206
14435
19167
15280
84980
70702
54636
51524
60002
70396
90069
45519
90815
91913
96963
13860
56519
52009
99281
60546
43643
12551
91761
26670
84104
64111
72374
28182
38881
17217
72831
87558
28837
29683
90242
81905
20102
58265
88794
71230
14801
51463
10523
61871
3895
62170
46598
26189
7504
77640
90850
21433
96728
79220
52478
88054
4873
92409
61311
37535
46409
13621
41670
5
98210
52814
58586
46175
75830
6630
33480
60598
33470
54634
41460
83870
66985
53865
79632
41877
77288
63767
95113
71411
56452
11365
77280
55510
83354
61403
22677
51093
10837
84417
19818
31228
19377
96115
5508
55681
21881
19834
39866
42767
95145
94682
36206
60600
56855
43090
30143
53882
32924
46637
90567
27602
22819
75115
42439
76469
530
41232
43817
48689
61636
89997
54188
54076
19052
45175
75497
15591
89371
18922
81619
48438
22893
56577
34566
29712
71522
27613
51386
77045
34289
38336
71287
69186
33390
57479
95255
51898
46107
29441
63967
23130
93998
53170
20873
49114
54333
18483
16428
81048
39607
72630
28390
26996
65165
39013
26134
49150
33690
27230
70672
94191
49517
88345
58840
56208
74233
27432
38116
96617
16514
304
92361
80683
33776
31612
94172
28929
17347
81250
31962
59576
73695
91033
70882
74509
29740
37997
79546
48466
15720
11644
42502
20398
96704
59879
25867
65386
53486
6353
91363
77365
14141
90230
80842
74361
75093
32704
29593
72818
21033
26556
93333
15655
36819
26926
7635
67286
57617
96918
65132
66301
61527
56128
2735
84815
30364
58993
7620
23389
88716
56379
73700
86080
43964
44241
75370
93187
93093
69834
93725
80642
52718
69371
39763
4523
98184
56872
73989
68500
49156
79339
2534
2155
83627
57382
91469
16686
5069
82993
16616
83967
99742
26490
2076
1313
68867
17821
33929
25388
20523
13810
17332
12348
50620
17180
42715
75085
81311
64421
65105
50194
4421
74943
19736
74500
50614
46730
77329
37089
52644
90862
78761
71377
6115
88291
771
23596
14398
34682
6359
65035
41594
90439
58302
50905
40250
77925
69351
68697
65056
21268
18357
56439
93196
26738
58135
19628
90486
94262
85482
6582
37038
87226
4427
12934
70992
10556
20257
97803
75492
5862
38734
71722
26151
30827
60396
76520
71366
3453
72288
45348
11975
95137
81396
91874
65137
16167
84703
66340
34922
36443
45402
59588
56664
70329
92986
314
26529
88027
47080
60253
9080
71989
55975
73784
64877
38403
99286
41782
6539
50505
94068
22099
40783
43422
6140
88775
37043
7053
21345
52332
20278
83904
42420
70975
14176
90176
48813
70093
70732
13248
8829
8709
41012
18420
54376
60224
86974
61829
91830
66133
24485
54636
43471
40803
58272
51477
29686
76945
33092
56714
43305
97877
893
77659
19752
72857
12612
62383
3246
28104
21849
49108
97863
82130
69177
23528
36494
54609
22573
61438
50502
80130
89551
78321
75321
84312
34359
23782
98015
65902
35439
96028
6837
78470
89636
65344
72393
63174
27876
57525
23249
94868
77755
16375
18746
88297
42665
11398
32232
16641
68352
57111
21092
91021
88290
61630
8469
96071
61964
7518
94496
21585
45393
70849
15007
70353
71656
65424
81861
38489
70204
71319
10812
67808
28862
82449
52693
5739
89544
12352
86827
69311
86971
60423
35073
14518
64038
70628
78558
55702
41138
29170
27422
96063
91016
75604
61403
83173
29476
31537
92259
26977
23883
74671
72673
56542
22643
18223
55721
48950
8915
96814
91835
29783
25457
24698
8590
65604
42809
18709
39924
50125
49972
58983
12785
33376
88841
50270
74247
39392
37189
23165
11054
94401
99549
85497
79306
27971
51616
26845
42211
914
91285
12060
57061
48827
68641
35724
94757
48963
58949
14645
51021
14813
29540
646
96979
14419
94477
4861
98219
74240
39651
90731
67443
4129
52341
63098
89881
52524
86774
65512
6585
50451
90939
35981
83648
59297
69919
12985
45863
8009
67453
70166
59741
30691
28089
97586
20257
9941
41101
81674
61749
68734
49917
92671
80787
38486
28169
91927
60429
50197
10259
15472
5134
3500
36690
56358
53717
8166
41404
72137
67994
93911
32375
34804
27168
90797
48464
25373
99065
97611
27634
97214
21085
20127
26018
34399
61109
21918
83827
49300
97564
75231
27474
97831
5731
31233
94751
81900
82467
26833
80200
32481
78404
95587
31847
75938
88467
22193
17266
64432
12555
45406
36591
17576
72269
88878
72983
13299
12666
30623
12933
20414
88750
22570
87711
98692
95917
13061
73872
4158
17085
78424
99798
98041
39933
99958
5098
33415
29131
62603
47343
4114
39029
53936
16778
75162
6634
450
16475
10445
88922
77970
51286
76721
11399
54398
8068
18153
22724
5041
61905
85734
52192
19243
38876
20445
2988
1397
4110
78954
99408
64343
4628
79639
58044
23711
78864
97840
72400
89735
12694
29988
53569
78861
52190
60085
69711
97318
37038
70036
24560
26660
21040
1919
74650
58623
14435
60570
90541
61207
49488
27120
82994
89530
51810
85307
54861
76294
82684
39096
73034
15841
55005
62673
84013
84682
19008
13275
97488
71224
43082
34316
51192
48380
41417
13685
42071
16195
90577
31540
11798
65075
22474
84412
86100
56852
11820
81240
10122
35289
50191
73171
55042
59188
65823
21439
89775
51879
65287
12217
28534
43191
37402
67648
64110
12710
46871
18733
46393
42017
90982
60330
15144
90783
7790
16576
12376
38060
44079
2971
75482
8306
85967
27646
35459
51341
39039
75590
60674
82825
66674
99428
77572
88568
5230
69367
214
19093
58604
75335
68008
85872
66644
89598
98833
70828
73366
70729
88336
86102
88896
65754
33611
4091
14900
35665
71051
5715
14988
97652
34026
92278
56838
45847
89321
67559
487
63219
87240
35009
5098
70854
34840
60159
92452
6522
23537
68947
13930
36703
34511
73518
92903
25977
15549
92701
77680
86419
15199
95403
54651
6241
64615
82005
57950
57706
37716
56653
30488
20886
4658
52823
58484
12314
65853
78062
86431
59157
39876
11877
6113
87904
34688
70281
53384
16701
56909
17506
97589
76497
71283
64071
54202
2585
81661
99959
69386
6864
96645
92131
3115
8033
1041
58202
81304
10675
66415
88363
1599
65268
64729
95069
84260
85478
33145
81473
21252
20409
36372
25914
58763
43074
21865
73209
57079
57615
45851
17727
18163
69363
68803
93990
28586
58243
59782
64105
49549
86071
22396
99606
4247
86564
69448
25726
13448
73992
48056
6937
39290
61973
97436
72339
8067
2103
66564
99391
66108
39121
66466
90856
91909
8341
85767
66661
18690
46209
45547
36583
38409
58346
15691
3391
43123
90528
54891
57690
39492
69752
12339
61696
91625
55894
28610
51389
4801
68992
70416
67884
49305
63480
36418
76829
44058
7370
32073
25792
39004
43514
19901
37655
45680
4088
95189
14389
16911
66771
82443
12152
37623
13525
7363
54246
60494
13940
96517
41330
34646
86881
81996
79403
30871
52215
90350
31490
10049
7114
26507
57644
79711
68299
56780
79142
57930
21511
50783
37354
18590
69212
33556
35606
59078
88871
9606
28374
33758
66240
47185
99965
77496
23079
55209
41675
80579
63988
17794
59517
33735
84711
11490
79168
8167
21771
65133
78403
10803
25185
44228
28569
3941
85852
9399
4043
73859
15667
98078
80273
46696
88484
83876
91449
24389
15972
17274
92370
52589
75682
62756
21500
43339
58980
10351
7749
765
4112
61821
68434
59865
28966
62921
55863
40041
23525
11756
71141
12643
19473
21833
7904
14676
52313
40672
82126
39484
51093
59205
73219
22997
81912
81002
97119
28284
3063
25369
82430
21354
21100
19096
17410
81168
19184
97614
26266
75229
258
67855
79507
8258
69031
22838
98712
84581
78539
26507
86613
74052
39251
18815
70971
33248
15168
53017
37880
38816
19933
40731
4462
21959
43362
41491
4796
75007
51547
92053
38543
41256
59059
25889
47152
35725
84101
89875
6575
82862
56360
73531
64139
8123
38736
85311
9020
92504
63941
15474
59390
5235
62884
61285
66032
1541
84718
67054
20695
37339
57223
11399
18874
22159
69298
38875
7454
30389
89611
34675
5715
70689
60776
56936
23312
42591
45239
14715
24850
38353
46226
7461
41745
54312
94349
80785
91070
72790
10953
68595
57550
81497
17914
91874
76731
79148
65988
88021
29560
34006
37955
69889
74827
41954
24833
37417
83780
68837
23241
42714
36832
34954
37323
8899
76661
52786
40946
65277
96172
14289
88761
94304
10622
24099
63481
48351
11533
54656
10802
54203
29527
31373
60902
6156
96770
31849
14668
87121
22535
57241
86546
17916
67163
51258
22284
96783
63590
20732
68865
87585
33240
43374
17268
73924
90993
53388
41632
17726
35448
4123
64552
6454
64565
93199
7772
41293
43172
21617
66576
82904
44489
93613
30904
29332
20203
44
25400
65204
59686
25036
34514
71164
64703
34380
17071
94917
90146
45665
16665
30429
43260
76268
69372
22596
91077
10184
58226
28759
81096
60839
72860
8312
30592
70802
80002
94624
73164
82020
3736
16008
11249
40493
72379
85608
64435
25942
79233
68297
30689
42307
88442
89571
9110
76968
47245
98222
70866
99752
31880
54016
79556
55423
30698
67511
57521
22684
88521
56165
58583
69141
94212
95083
34837
94113
6190
48157
39865
76763
4963
62159
1277
93410
590
96470
76048
68442
80495
56775
44022
19920
13297
34996
98247
16814
36793
80570
19554
43993
84126
65054
22762
98953
59211
23432
14948
48406
959
28789
65700
38343
75105
95228
51454
7385
90227
88410
50308
65085
49617
72995
26029
17824
3556
91060
20132
61741
56436
61693
32233
425
37096
11388
4760
88938
41979
36315
1871
73856
28491
56349
94132
11730
68945
27587
50545
70700
9026
62730
76979
78935
76448
54070
21498
41334
22644
25816
94063
40482
86309
10991
4696
62962
45772
23214
78406
50657
64187
16350
37838
62103
49373
93467
17692
73345
9398
16180
38110
27638
75873
56277
49636
28439
39036
74003
79954
74801
4960
51336
94481
24769
46889
39018
57174
4023
79043
18345
73571
95775
8324
16993
33876
60345
84729
24532
20639
64598
46147
8616
50029
20043
46500
36588
99234
97955
77585
28902
53376
37388
87064
44850
3243
11479
48970
80111
57048
61915
72413
2853
37369
36765
85557
53580
62033
74635
73729
10276
31861
6239
89722
82433
27832
59030
97069
52399
93173
6120
88027
23865
74709
23494
74121
83705
76577
92516
82572
56512
55209
40647
53246
20804
25935
77960
8137
81980
56392
13854
33095
73742
47306
26732
47781
43972
64326
84050
74769
47671
5460
42490
84184
38247
41327
34365
53224
93592
46306
77890
46391
92621
70014
29785
23888
30124
6789
75613
88561
38017
573
17939
66545
22195
45024
56429
7969
18936
18206
78496
25298
20078
86457
74256
36735
67800
59808
46849
90834
88424
10291
86045
60258
30027
14699
78073
74174
71406
79184
57138
87782
36350
55577
41940
96713
37997
28065
68472
43335
20164
84838
30326
62891
86647
11068
67789
94628
60490
21413
69717
11164
62102
42133
29901
6695
9289
27531
52624
52344
77270
29861
89776
35808
42597
89815
25579
87114
5093
17250
36767
73864
96680
96617
4384
92676
54123
74881
68335
42011
58336
25157
95721
12113
2703
46885
54918
69070
37291
57558
70214
71064
35755
52671
45461
78381
96333
73301
64555
19926
31997
38001
70952
94143
68806
10321
77065
5103
69182
71347
4841
1177
40528
10650
31724
21893
91929
21428
21250
71746
91573
7238
1786
75244
30485
29228
98077
53670
39219
99210
28521
72327
79644
39187
96605
47472
22535
70364
74369
99227
95855
93092
13166
92264
62755
99077
8092
78747
37572
41306
28173
6186
99232
97990
62791
80712
45087
72677
91919
93597
3465
82277
32648
95283
21606
17356
83062
19243
79409
41419
88655
91421
70047
45734
2907
89027
3452
89975
66681
41885
46187
21152
34833
11762
62838
20998
71131
90250
29578
49875
54746
75043
30778
99860
94849
44609
76414
60837
78082
89623
23925
55328
93756
19479
54289
31432
18856
44820
30609
26054
98118
68431
81992
11383
86818
63213
79082
13921
88357
30709
35577
88694
50729
9522
88057
19076
50485
42330
7202
27120
36397
46091
78712
37472
82930
73796
35820
10150
48562
15333
59821
305
50446
34999
43300
16555
30437
80614
59051
30390
48498
72929
48725
46544
71897
84780
72155
96580
4879
18909
32471
13751
37746
94028
15991
67007
48349
61713
70365
55400
10705
7220
91832
39016
85907
32400
51388
11336
9114
77540
89368
14013
9534
15195
84253
77550
42190
25977
98133
23984
91676
27918
41762
56080
38594
53392
85640
67157
33252
12567
76760
80421
67251
41482
20784
76023
96164
15019
14973
57991
63993
43139
35179
73139
34701
85602
57053
3802
64590
88706
52795
94322
66712
71690
13777
38603
45097
90052
82920
44325
92629
62103
27804
29909
10542
69435
24598
30503
73546
34984
41727
95521
3159
51423
88601
62136
6273
98235
13345
12360
32525
25383
65818
28798
46073
7991
3874
4304
35633
86993
43664
29815
87407
65779
57984
96934
1370
64867
49820
91657
73136
98920
68562
74717
97812
83487
18049
3422
50966
94733
62332
9127
72413
39961
74579
30959
35324
10424
15311
18645
867
35376
36866
75680
26062
32113
1250
38600
20264
63624
19643
74167
89300
59528
430
39657
35819
56414
16976
69805
88581
23547
48236
13989
69489
81863
1417
66981
11561
32730
62566
95237
8169
45262
51281
66422
27963
45768
11292
30575
55272
74075
66937
27666
29354
79566
38190
29626
63510
22769
78670
94629
84120
49686
20909
38386
65290
55464
3101
34056
56958
46086
58627
76969
58452
15655
87202
29523
52513
6292
50019
70611
21408
65216
72050
79201
16695
95040
98377
35527
55274
42026
63477
34417
49591
14089
43051
27486
34814
10552
71455
35696
37882
2777
47076
42561
98496
98571
18109
4820
89093
14503
42792
70233
18767
32643
31470
1828
49977
29085
94845
21009
68135
52503
19477
27993
93555
52038
60205
80111
53396
41526
33639
39095
28874
41027
12366
58343
80465
74101
74954
65118
99523
1042
3917
24435
60026
77166
84163
77380
12548
15223
19255
97168
39701
99529
35365
65848
44014
59899
89017
87397
76227
82142
69421
67035
37238
30875
69990
84142
77532
26970
86691
6603
89070
50233
62389
71320
21359
8422
3980
91482
22023
96014
78048
93030
94044
31891
61357
95308
39479
2129
52965
52637
80789
10636
28647
91872
17330
61000
48307
54294
95494
47552
83823
67254
79749
62164
78601
96881
18799
63622
64647
62706
6370
52746
87641
66704
49459
77967
21121
71705
21016
50960
99678
53022
66764
56292
93074
46137
65378
4726
36724
22906
81829
69035
33550
21617
47437
1145
58579
42126
57914
72317
75260
20670
86672
76669
56506
5846
40476
64407
95847
24134
76327
75499
20692
86174
83810
85514
39088
48017
17977
89717
91673
36749
46784
65030
42239
30199
22232
37601
51342
27112
98409
94160
1247
18863
66050
67272
92119
39976
43095
61839
67483
69594
42292
61050
69463
36084
24538
21064
44164
10082
87991
37353
37222
48154
86785
729
63991
2226
20917
86512
94331
17381
33470
72152
12682
57392
83359
89880
40104
2703
31214
84950
11083
65050
48551
65322
57154
40201
2876
29314
47256
49844
73810
51693
56956
69949
33096
69018
93392
1049
74595
88798
47412
48040
22784
42948
12254
98270
49998
68753
67020
59964
71481
99534
13445
2958
17487
53444
24150
17409
32231
58699
42471
28576
9042
38620
45187
2288
47800
56451
62923
44754
26397
54852
86705
92170
77609
22618
33291
93801
38755
2239
67717
7905
90166
99797
75890
92865
13019
63761
85193
54175
24668
76603
66567
66148
10257
14022
62116
2724
10507
22886
94647
11454
64006
2320
56889
60659
15401
67918
12690
61417
28597
68820
21385
20001
38975
50839
60439
17644
35419
79753
47559
20371
27535
68340
98201
32710
30815
66013
54731
7009
44867
54116
11540
80670
94393
25061
20531
88262
40635
92667
31887
46782
12965
97447
88275
94882
93403
60223
85213
24167
83764
58200
93495
74153
39848
34146
89206
10388
14069
86112
27689
3689
47646
24195
49148
67080
81948
14979
47566
33415
14076
46468
49002
10746
96196
53410
30070
21088
10080
5332
48868
955
71616
49419
96157
11209
26849
46439
43270
36960
35042
52995
4804
48071
64729
16291
90391
83297
89651
42971
1344
7763
84066
93488
7681
39061
41322
52249
14939
82152
54511
86833
17499
90028
85631
11436
19814
69268
50485
93392
21080
45675
69435
54999
27744
19846
55384
35911
13713
21642
44998
25101
98585
62506
38811
32511
73419
2631
52508
82093
235
61200
1157
97616
49474
61297
6652
52693
95617
94749
57800
10248
64006
99662
32372
85462
77631
19971
91771
92500
14440
48870
96765
55766
16434
6144
28940
36501
50934
40979
68322
71438
76466
39054
85938
78393
71203
76712
79075
69503
22544
38931
12150
48734
68695
31191
80006
1957
38901
53294
6498
46019
91749
5571
26427
94911
75567
42894
79156
8149
88143
55329
90695
83270
11598
34111
56108
90180
6204
59710
38263
32441
7016
32399
7134
77763
71527
64224
10304
40814
91540
20138
84084
38635
97115
72903
85372
94686
43084
84516
34759
69060
72886
57468
37890
38695
27605
37977
89034
25550
59899
35336
91387
87090
29144
56515
17716
37765
57721
34136
94345
22914
42444
92289
93874
9508
44574
13646
70826
50272
51468
83038
94776
26025
24090
17344
23095
46336
80583
82165
44812
77234
66105
78082
94790
70445
63016
30360
23191
77970
49046
14206
94520
71788
95396
70368
54238
98173
63594
82850
23303
64191
16823
66324
87097
26219
88299
21480
45508
21006
28019
89090
13280
73642
72904
29719
27655
82695
99419
74806
55934
31077
1892
61029
52397
80282
82582
71627
92693
21687
72901
76668
9001
9516
98031
31654
44639
66867
28248
78304
4241
12345
12464
71073
4050
14086
81886
47522
34467
74518
56955
59204
19956
99528
24277
51031
22293
3773
74189
60262
58472
7723
37817
55760
80
41681
40514
85783
45226
7648
14564
58698
22788
77716
58150
91666
39978
6612
37881
2412
92214
90072
83824
24953
59924
51510
25840
6601
38524
70364
28481
25000
55303
83707
68423
86171
3220
76877
27073
47661
90141
15993
48632
9959
86635
39013
98940
92254
43434
74155
48662
61369
61818
38689
5881
37015
31480
18733
25417
12598
25380
10823
8958
39317
68226
19889
46984
29432
71040
96671
64195
39366
78791
91950
7505
74060
90296
24181
54773
22385
58632
1930
86731
52842
31654
40703
59608
62985
50151
42166
88344
77694
76439
38797
1710
64659
601
93605
68153
22942
67415
33783
2302
99252
70722
97943
11131
95392
97251
71494
16623
73882
19192
8267
43112
59445
80714
3209
11290
75534
12106
92071
33321
62796
16243
25381
12638
65478
42560
38878
25333
58824
87220
74346
87237
34633
12267
10296
60706
34346
99231
71764
97608
64127
49392
71552
47736
67167
36810
6274
40997
11388
29267
15003
21809
85559
8266
31484
8890
52816
22845
88056
71574
64058
13211
64110
1774
88647
82685
29411
95430
90950
23375
85061
51290
49720
86129
57874
84804
88442
34347
19061
70519
61057
43292
20567
53609
58862
18626
24498
99448
56160
43173
25213
92469
49935
72847
188
69320
11883
9354
72974
38219
70230
20119
19956
57466
59051
56506
7030
92817
14764
55008
81857
77881
65282
68758
93492
18908
91243
66938
88490
33171
1722
95034
83543
3065
13794
13830
3176
2710
1271
21726
45947
57278
88495
54926
99387
48424
48090
30902
64502
21464
8621
51849
9098
39920
4444
36232
23047
31661
66731
99261
55573
571
35298
36614
41009
96941
81782
2368
44678
45928
88842
79673
22549
88821
30794
64329
9454
19154
26910
26579
5266
56569
29284
51100
94068
69046
48187
27906
73304
51050
33733
75609
29824
9476
33808
43351
26123
79653
6138
91978
70124
679
90630
16047
72827
53352
63341
62036
75031
83067
22196
14561
5959
210
92835
75122
80229
1729
41402
63354
37270
93983
39884
5451
19157
88620
74905
96197
19362
1817
38754
32276
18224
26339
78535
58552
83324
59382
85301
30448
65779
32856
80005
84900
32406
49117
60427
51715
43570
64756
58156
18804
43313
88796
18245
98203
53771
86007
73139
64499
67696
72084
60088
83439
22272
62947
88481
92291
23696
67017
62828
96821
28961
65413
94675
88432
5580
10564
31542
7376
3648
25811
51477
36313
62166
25341
46737
87330
11935
24266
10492
38378
76096
89952
11669
93393
47413
55177
29903
57552
87465
76654
45329
22983
40354
11773
5127
29665
51677
64380
68796
33050
94516
2088
11585
10130
92412
67619
44399
14743
55265
86885
52927
40293
13984
64093
16185
85371
52530
19979
61986
56767
3819
63941
64635
47873
83773
44636
96443
90602
83348
27649
3595
60020
92023
12097
25873
97181
51694
3757
36014
44664
71303
47837
99719
62255
27617
39334
49014
54640
42121
42848
63438
6575
84690
22151
58738
61495
65200
98663
41193
55752
89110
95792
22564
67423
80406
28431
42196
56502
90874
45241
98854
77718
25622
37963
2000
18169
59639
10643
26540
32281
82071
12224
9004
4574
78783
17441
79413
97436
54899
49396
11660
16573
15354
8267
37627
92448
12418
77690
47207
82687
15267
59841
83968
4736
57075
4978
83707
78679
23703
60212
77228
50449
7265
48649
34875
82444
68115
68783
823
55392
28265
83323
79630
72613
95408
1679
63904
29093
66770
73004
62333
87095
51668
94922
32477
98642
84267
89248
62724
81858
14890
39701
61741
77812
36636
24047
44769
59983
80832
57628
77325
19012
38637
13511
23341
39760
44343
75471
5104
90409
60656
7772
4881
58741
98775
88004
35760
55530
84730
45650
85455
97270
64228
29138
70893
58923
73298
12938
33732
10130
68038
68617
19693
59578
44407
49196
14227
22125
1278
38880
81663
51292
39347
95360
15801
19337
32320
56920
10339
68635
29274
56654
16521
78045
2868
91553
3479
30700
25359
37721
4628
678
62516
41528
92555
21227
33917
40546
55755
21650
15626
22543
29782
52292
57439
24024
11045
40055
40623
86132
96004
99990
28703
25927
10362
51564
15459
12025
95352
72780
6159
66957
45772
94998
1076
73900
21182
49633
38164
41685
49065
88388
5319
92047
74557
66695
26602
38463
27998
55424
67723
94148
58048
9694
35359
3672
21524
65226
77079
96336
21596
20792
67873
1349
63751
31977
4373
61657
33511
75963
13273
64458
66903
28177
50280
2295
52416
85517
14595
45518
40574
85909
30779
33976
24106
79218
81976
64762
18762
76638
45053
32116
2764
42379
67554
20201
62355
88989
1382
14043
60320
18271
59334
14858
27096
75940
62624
72863
2595
5217
7084
13661
71673
61093
6333
60358
90778
98632
85436
11042
46121
51405
79532
50795
38285
67281
44130
93789
61621
5088
93254
98265
32330
72385
87823
16411
54800
1826
54585
70765
21337
12551
70156
53408
87686
32044
42361
88709
25695
37008
35531
79076
81861
71352
10998
83613
43796
34387
88955
58622
11724
33693
25606
25079
36556
68864
36271
90247
14730
21649
6383
67917
55152
82326
5883
9726
14521
11108
15984
11024
64637
78442
34787
23404
53552
80427
79440
47096
35141
98983
22399
20387
29671
5387
99155
95160
84399
72711
94369
12892
90580
36228
928
74567
28631
56456
9607
50043
78327
37042
19880
37363
8021
81950
53435
86979
16425
29154
80729
11729
27056
73705
4733
83156
98432
85396
34191
27796
96263
62941
65509
70733
98221
59921
79200
75262
77345
18543
58422
22792
63152
51585
36725
30376
30672
54821
49237
27751
8303
69138
55362
6797
64600
83440
22129
7980
27289
9761
34668
73064
9063
96132
76979
46856
60697
16639
65063
12247
62023
66677
58591
85195
9290
94468
91386
60741
63777
709
3273
53091
51826
31578
1166
13748
27179
51989
28217
70205
13567
11572
4074
69140
62891
78311
14933
18175
47174
36389
25980
57568
82107
13809
40272
73925
7649
84836
71024
62975
15848
3810
39084
38754
90000
87326
79327
26306
39697
83988
89934
7646
8316
59696
41008
20515
99333
60
1455
73293
89401
3057
90927
21283
72281
85819
52772
31121
80106
4860
76167
43365
68167
24904
60581
29874
82642
68128
14816
97842
17537
92722
76620
45612
33131
49960
32549
9765
53076
35323
29490
7375
97886
98984
21697
20185
27758
28268
23890
35584
55320
92227
35986
54178
77945
65953
42201
66519
95601
23615
37825
5574
55064
22422
60372
63037
8990
80228
33038
13028
50780
62959
46916
66383
73976
73320
37103
73087
54308
65635
36748
68275
84954
85269
57773
33936
76965
25213
57585
6954
54820
55708
9298
33242
83703
89667
75182
98150
72011
70325
95839
30988
79294
29062
80583
75211
28939
14836
93668
58871
48465
85536
25556
30840
89652
24189
71470
67298
37185
65161
42637
21951
74101
96060
63906
92858
87373
45708
93179
85167
82481
18988
98048
74837
88116
18712
11119
60064
61420
15053
50824
80006
71310
48341
91762
89328
12391
70379
19082
69268
66982
59487
32670
56740
2779
6614
29704
72735
95241
46001
70015
27962
98614
18214
17098
82712
2478
62927
80422
79393
53474
25852
62119
45482
97462
42541
75382
17931
71018
11124
96996
66389
77409
33487
48988
84020
93971
96145
55281
6391
26730
19309
79433
28225
86
41022
81016
12922
44682
26815
81495
37209
9518
57308
36556
86028
76333
72624
47795
33793
98336
47691
47223
69756
52006
78368
74767
80584
22207
1131
27646
2675
97609
58848
86347
54016
78986
79152
63931
69260
4284
16893
65070
19988
79183
28137
7270
13837
34702
93640
47289
30260
26028
66340
86916
30808
30578
94640
64231
42641
26378
3290
9954
92278
54175
53373
59272
7336
33060
98419
3267
25144
68249
92449
29795
4767
21041
71329
95726
54669
60748
63542
37919
66294
17764
88063
9113
34884
96496
94680
3535
16783
92542
39819
14301
99094
40830
40493
77388
84438
91715
46123
98559
55344
83199
28337
49659
64296
16339
58126
6972
2205
7832
57424
24564
32616
59194
83199
13659
81133
61257
80417
59049
25103
95458
49704
80502
14960
2533
89330
61212
66802
87177
31545
42538
11689
66884
2267
33049
6943
61745
87535
34703
11770
66411
9934
55654
68346
75438
36147
85268
87790
29755
87004
39085
33660
79807
7927
66746
46189
82202
48154
68165
91731
76228
12582
80749
96238
34701
12591
45681
32912
26778
87683
17261
84958
47162
67630
90375
81584
23882
28525
43416
57710
92868
51352
31471
54480
73121
19783
17322
36976
13938
16660
85924
53701
53024
91474
43657
14221
80159
37167
55791
74199
56006
84938
848
60358
35832
92289
91682
75902
56658
94272
53260
14450
78742
20875
61597
51537
76757
4339
94868
83389
24462
62892
10651
57639
57090
85542
47180
26631
97109
62040
15625
60622
51197
38955
716
80991
62289
26360
58086
22873
49394
94201
56324
66463
44835
23054
78749
23814
37913
59833
52546
5048
62111
41553
93952
65972
87401
4777
86124
61212
79411
70117
34453
56417
31334
38411
35061
46349
36692
15596
72455
19214
6699
37428
71367
61150
19571
16141
32271
84003
98252
76333
45010
49857
91970
88539
22683
75782
23764
96426
5628
79034
78908
13884
81498
86593
19004
27072
93547
13400
31585
55475
34095
76901
70994
78161
84621
73465
84022
14277
80057
55834
86328
93258
62690
46037
32988
31376
69817
79159
26252
14517
92765
5599
48799
88603
85542
10375
69423
18143
70130
18096
14807
78671
49926
21071
21000
70177
15968
4194
72558
75153
38737
18842
81068
5897
94922
10665
60451
27110
80204
96443
64653
96511
76116
5224
73049
21941
77377
82995
16480
86912
87127
40044
38544
168
65244
30508
32886
39886
3195
97380
74061
18267
85150
86214
37895
77423
77156
729
9919
70869
89922
92384
92963
55597
9825
33044
68199
94931
59961
89608
50174
98848
68167
31198
81142
93323
84533
47126
21614
24020
39418
90070
66160
12535
18911
21791
49579
57723
68934
69232
16985
76312
50789
18862
85987
20388
90634
56885
66271
87591
45831
76442
23124
41860
32221
14863
98865
64230
38326
55685
42244
91590
15696
29053
10803
82251
55287
4766
98488
31199
52816
81453
7915
2002
25845
45558
83676
652
19465
77730
45914
60412
41341
3579
69795
58214
52853
43742
3800
6995
76535
26376
32491
51228
87134
53278
90434
70417
58030
61575
37567
25619
21974
93174
14274
81657
88776
14815
41688
76903
66168
32954
69087
32079
34765
43763
53297
91456
6077
453
89569
93450
20118
7606
27448
79764
37481
58230
78283
70576
21893
5618
63685
8000
55085
50769
99375
41403
51442
89818
84315
75599
67479
81956
45998
17707
15500
23924
99128
48829
2007
1361
70014
2078
12076
45173
41923
94294
52778
56852
42791
84065
70727
61922
56845
24367
52998
29636
8010
20895
63722
79
34778
25508
71857
11671
75051
43671
99309
6559
50893
44854
16670
70799
28482
68126
19227
73326
13817
51349
29701
81742
22991
78960
12260
84112
62612
77591
84239
75564
26822
79604
98730
28372
16829
88239
87500
53637
56339
84497
49811
95327
10755
76295
65214
89754
82148
90740
44096
16896
15695
95972
5006
26254
77109
5942
88939
28549
42964
95812
4803
7529
78917
93638
46030
67215
46108
87240
78543
20085
7294
62638
22453
77942
49121
47195
75002
19379
33060
91913
29540
62399
69551
18149
41668
39249
97538
5743
23328
36582
42851
70704
45495
69521
51546
48814
37584
46301
7152
44511
61344
68704
78461
95360
7106
5873
25107
48427
99300
47326
35612
91474
62454
56322
90364
22524
72578
8613
64464
86834
61884
43824
30208
26842
72256
16006
82484
1401
50363
79696
43826
77304
19163
96999
54980
47061
75446
49534
24376
54144
70708
24386
28918
71050
71904
57606
82180
10777
17268
29558
77406
5921
12297
89402
58874
2705
64794
95883
31077
76155
48059
30497
28574
64627
90380
88555
27510
91875
13609
30245
70507
87260
6312
67429
56915
62349
64869
27704
83893
9256
64382
27514
70923
64006
76759
64528
27074
98330
23257
20565
12879
42572
64618
19553
2881
86647
61475
21743
22139
93672
3050
87875
21933
62630
6656
74606
94966
28819
16661
45349
58858
90710
65021
60057
41988
88528
89117
42132
99898
73791
56110
4759
79587
98156
23237
39471
18552
53712
56875
36089
17394
79060
6228
14592
28966
4353
87025
63552
69884
74045
73276
59423
84406
6731
59706
33691
60124
93989
99445
26866
47793
54262
77956
98454
35615
15061
82184
56651
31119
67114
11309
9401
27318
66813
44506
17011
34125
10429
95282
6693
42352
86307
29250
50571
44480
94127
86564
61012
41818
24104
88700
40517
79277
18658
76272
73688
27576
14213
39545
27940
66413
92501
76834
49086
55181
41320
34049
67972
6129
15263
17507
32741
46177
54423
65685
52263
94993
91469
622
7130
62030
14772
104
78260
37371
23824
30139
54300
499
57079
24495
91811
65331
12876
78861
65511
36939
15066
66027
80970
31949
67445
88477
56497
94459
4382
93504
92294
16439
84193
28313
86452
37098
77595
68631
79471
44740
74971
28213
26606
68951
29452
79439
25934
64231
8629
58003
79480
55988
71756
35386
67632
26456
72786
8949
56724
69945
78198
52788
93920
63777
82822
85409
27743
85644
37485
33359
45725
93469
86488
76711
76415
38420
98442
54393
67998
16111
8539
10283
73936
28896
96788
32071
93254
65568
74901
10706
75282
2859
56810
40434
51980
72310
17742
34478
74246
63446
6290
27
28770
13208
83781
92262
35531
39865
41803
80184
53806
51853
57935
31963
85455
74893
48810
36580
95368
93713
41641
86795
80719
75419
26023
62522
55760
52065
42224
27003
25500
48244
51381
20866
58984
55772
78449
9882
95831
67632
86329
78324
31650
46250
62881
50661
20523
1963
86724
93951
9913
203
68251
74073
16404
83733
51705
69003
7423
39428
93614
622
86645
69475
47132
26849
65619
38005
12984
19862
1906
39243
86170
86339
67468
67555
18243
59077
24606
42849
73296
88667
50985
8018
73534
27599
57039
78514
32744
54209
76681
21955
72942
29106
75260
32111
49232
87544
74182
73145
79584
61502
31148
34736
97471
30896
17847
51283
70600
27965
79025
54734
34226
50102
73192
63128
60776
29886
76674
59650
99473
11063
39968
57365
65000
71560
69509
68926
90634
24662
68103
53052
45914
59421
24146
2982
90569
97928
23432
12411
28363
59680
36603
49812
28900
3150
4037
22372
66077
56066
21834
3256
51893
22602
73800
37207
72013
15988
97664
92460
18600
71228
98820
59026
53711
59687
75099
2729
55738
97297
29211
94338
68539
77333
24092
10962
22177
12503
32116
34755
92643
91687
92443
74445
57245
79659
976
50238
64135
13108
55092
95923
8913
7291
42149
71941
7942
33207
50603
9910
8020
51273
2398
32531
69004
26835
60013
70832
28546
93237
70504
59023
50721
70553
95440
56937
60919
63489
29625
29695
86971
36503
7251
32074
75195
92706
43950
3402
44071
81976
27464
11523
48202
51024
22258
42225
40075
11982
92396
88753
20889
78326
99653
48856
7905
5879
93943
74967
18386
61475
72781
79713
43256
1554
43900
32144
14477
92832
37790
79039
37812
17880
99256
43813
4393
86197
4166
35907
87148
95348
54688
43710
40363
19722
62894
63576
22187
37432
11898
69006
426
56282
45754
48038
90915
26301
14826
45347
4552
38510
1082
29902
67776
64751
31591
17371
86694
10438
66141
24713
23262
49372
63125
51721
88789
88136
73985
90084
32404
58649
50527
43735
79254
35329
45972
72171
40687
40709
46983
54157
58068
17450
39600
73155
10002
30939
7436
21613
3361
91578
30370
13594
24591
60874
81086
77684
20308
84871
60708
12365
6276
71828
76261
88709
92026
37064
85127
24230
49684
62623
43826
4960
6215
41422
47101
53263
15718
70279
17076
38252
60749
34017
81201
33509
55120
23051
52818
2073
34282
47990
34787
1315
98492
64720
445
74798
54233
89445
73692
56350
14753
56211
79834
18949
15838
51602
65190
35419
2114
91292
15110
79549
11344
9536
4214
38700
82078
10331
7515
64280
80857
65291
28549
93993
61474
44200
46846
65404
11535
8264
86493
5349
433
64296
63938
54502
88890
7550
46687
27065
50970
42433
71200
85133
253
54304
17260
83574
79337
17209
35251
97228
2739
37462
93602
1511
54629
77808
16757
83783
33672
1792
54926
96333
95651
67745
67535
81596
90759
57990
94163
96435
39688
18874
50507
23239
36890
62230
75080
51135
58478
99185
17330
50120
43529
26245
70186
16556
76579
14059
9122
13134
42408
73264
68477
11575
64556
39192
65561
85298
2543
27879
53276
57943
24691
89596
97207
94769
49242
24937
66173
99214
69952
82090
15037
24640
45202
61777
38261
98648
85985
42811
63374
83684
49091
82375
88890
60571
2351
20650
36161
1503
2165
61718
99869
40926
86079
1377
10776
94319
88055
46889
66231
93688
45564
2234
10997
99053
22813
80133
38771
84180
8674
51807
1212
38308
86067
3540
52138
4054
44604
87796
99565
70847
63732
8902
76535
83828
51815
40273
64032
87543
78044
43301
81665
49298
50059
92017
84875
27266
21360
8775
66885
12040
63915
99640
23660
97853
63837
20387
1318
73400
20460
75562
88287
75654
56254
20446
79283
13862
26378
44731
81113
3608
49832
30969
14925
7579
88549
59003
22348
93520
39514
83963
25893
16230
48161
47414
70063
81170
94093
5649
47071
93492
99489
84627
140
37235
23443
38706
38320
98598
16088
53164
98102
85059
41830
51850
86872
48119
13313
6139
76043
46272
91537
2026
85080
12738
75716
38379
32064
74057
5629
49583
52427
43854
49546
14090
266
97869
38585
26166
33846
75880
30101
99367
95861
79909
55516
70328
25796
29413
63826
37
72694
56887
80146
62143
3304
37595
16357
63179
13815
92300
78778
68985
1522
41017
65287
62543
77748
19312
82328
86185
57451
48935
41567
4191
23917
68814
9259
46486
94786
6079
99220
10909
42074
40629
70990
88623
90025
4631
57070
16478
87782
21894
10411
19062
83075
14432
61538
99501
25121
22404
88638
95278
41077
76628
58965
71226
85690
73926
66323
71311
22088
71990
10087
58521
81390
67962
4001
90114
35851
18833
71963
26066
66026
49779
56694
48326
77258
95652
21142
47494
65566
42249
23608
92482
53601
26299
35888
17465
28112
93681
52161
89378
43417
66564
77159
2201
49300
75395
68520
83123
46951
93718
6945
78998
50999
42509
4857
61435
65094
59264
54343
70885
89899
34982
2105
52967
63457
81741
70688
2280
22450
18971
38143
87676
88455
21214
5959
20573
45913
90775
12826
33535
26361
29044
80699
64283
31832
98482
14851
28314
10144
56810
47268
25771
86432
45819
1867
4185
11610
87398
78257
33426
2282
13254
31251
26383
54311
73091
63215
3705
14912
34852
95702
54919
61734
63418
55973
378
96063
90856
21403
2224
75339
48272
36683
86854
40992
80556
97167
17831
86557
8978
79945
57660
74240
3280
12295
66082
51122
54703
49105
84679
82780
23384
96151
11737
83624
62672
10052
17567
45726
54461
98969
28534
33616
93151
95681
50268
85030
48406
88602
76360
33268
85025
64741
86605
11128
84292
74267
16570
73558
50150
56911
90649
31541
60222
16172
73114
65736
84598
80067
80464
26785
94692
19666
93012
66379
30365
48630
66832
80006
43271
57861
98234
1555
32093
25316
67664
42045
90353
55329
58823
80203
16861
80880
48183
2322
12779
93253
99207
28233
98864
58867
68064
81074
81950
7885
63322
7845
40599
16877
88686
48562
64313
3333
41197
46659
61054
19423
31012
31383
61641
47783
61136
26722
98226
90230
47168
44824
34172
18111
54063
74851
19058
70230
23299
64608
60839
41607
26568
3633
3106
88918
48429
1966
42104
59811
68697
64199
58065
33788
11056
81272
6556
66675
52787
257
38334
31576
80369
43496
43959
80197
1977
21394
68974
55293
81670
92721
26584
97272
11679
34208
78105
94179
86547
11205
28893
44801
24195
67177
37752
20902
20245
38593
45069
58087
42052
201
28113
23352
54953
250
40411
13513
61815
30200
36698
6265
31874
52664
88400
28359
7183
86251
11840
29385
61691
167
91454
22521
49673
20910
49627
29215
5890
27395
75319
92665
54119
94029
56680
75178
62123
81124
42645
73483
10547
65313
59738
10412
45213
21812
8439
7555
84367
84395
91861
12098
46277
28577
88096
4953
93161
85917
85106
78846
43742
18885
7421
26409
71247
29734
42950
49665
1650
77206
75495
32018
49588
52306
82192
3230
13746
30169
70274
69234
49824
30723
24398
62710
44721
76642
23645
88232
53157
17882
85594
11868
7204
47394
28782
75397
12187
43134
34549
14423
38234
80382
7220
53671
55486
3397
14794
2020
67690
43290
58361
95763
12457
46162
96255
35539
30126
60067
90194
8927
75386
96526
35159
8722
27966
65041
24617
12971
98056
62033
79192
61067
96643
16694
98486
73427
29636
39548
98410
71279
11120
5597
2484
38047
58897
71599
36973
89247
25776
43760
90800
49970
10626
18803
27617
3645
13501
72628
63236
26914
88562
68581
46567
4858
88490
53933
21027
55801
18710
69840
30106
84186
69612
26230
4309
26084
39415
63318
57463
28377
40990
53596
69595
48332
79919
14464
14370
15357
16653
1894
30834
81499
62165
83426
83907
63622
6887
21864
5748
58428
46738
68946
52611
31320
36162
4755
69188
50778
28325
75181
12109
27944
10617
36955
51713
22264
24476
96530
33996
80258
15180
67011
26542
70711
4972
35515
99145
15709
97545
88780
43433
71490
23899
15877
37817
65375
15410
94241
2945
60808
11788
486
66878
16069
95236
99440
37071
30664
60521
47205
46889
22279
16467
2502
69435
40913
94421
16672
92536
23068
58583
72583
29879
89240
24782
94651
89256
5953
56820
89775
92491
15487
99508
94950
62504
25320
31116
11338
15832
11038
52139
69902
64464
61585
35358
8762
89238
98664
59916
38623
54304
61368
57679
21518
30278
6076
91549
32411
66428
21328
39147
31075
53957
53429
33876
87288
95878
11366
43969
33315
42961
71987
49157
71591
71877
75903
57491
46304
89554
46323
56070
19238
41463
79881
60736
48371
87574
62171
56638
31783
20829
3600
98577
11531
44350
34363
23458
36281
21740
478
86284
88562
69226
83512
54171
64986
54044
1053
41165
54742
415
38934
45602
84778
2366
88038
35758
57736
7550
14817
27956
83368
93114
34234
5347
27556
82905
98908
53398
96808
52599
79464
25957
23208
77854
28451
92338
1363
73515
10799
67023
65269
72284
58767
2635
27149
96839
80797
19451
27206
7898
13608
90943
87793
7529
36840
47334
63770
96115
67686
89285
18485
34202
17577
62490
30815
92485
45850
15920
16207
85769
52514
88618
74257
82653
14292
29199
6914
83584
8171
5665
34535
79789
53562
69236
48282
65513
86848
95895
68594
42574
86748
70043
29537
9451
31305
37234
35656
80382
20033
60169
53787
86510
80797
10136
20022
47721
72825
24293
12837
26851
89115
6730
65685
93521
80427
92187
78660
85077
45243
82100
96463
872
96753
17743
31723
90992
52989
8724
90035
99690
71450
42421
39759
64535
98702
98906
34562
33953
73379
73410
6107
79105
25189
92583
64729
49423
60831
55817
59345
30053
80154
31733
75044
85758
72949
59230
25005
66190
5921
76339
85981
78458
10327
47233
29400
71868
58415
75808
85827
28841
2435
5791
64000
94773
82671
46117
66220
65634
10429
84312
49440
67668
28204
57102
52808
55102
95075
25642
85882
49553
82994
55053
43151
2332
19980
8751
62432
5689
45381
64565
30109
35338
72732
3275
96175
7839
88978
49102
93954
22930
53225
31691
49723
55724
64089
70579
86629
2912
17219
17384
56334
21127
29289
22032
26147
39827
16021
82461
28781
97859
69746
15830
61247
66639
9473
47968
59883
89135
1975
78715
25328
7610
97631
36054
97921
20605
90272
70943
91085
16029
42523
96721
61809
26058
83767
89028
63032
77227
57881
93987
5631
55985
65129
35933
78066
29954
9298
89266
92326
77924
12661
31442
18125
96902
10129
16114
8537
81633
83886
72872
35267
88026
92345
39489
74155
8358
62587
47172
90534
74818
6188
44451
26473
23338
94209
4617
32121
88352
93954
89248
60172
86596
71563
48029
93028
70117
14217
74374
22870
5543
57824
498
11354
35550
85928
77538
20217
28213
72933
12027
29046
92797
39157
95014
37470
24890
37275
29072
81990
93646
73043
19148
28056
84858
87104
14680
98121
19156
81138
50868
63083
95395
4874
49401
60056
31891
33012
49620
92692
63358
78684
66344
16549
9622
65820
12229
69957
28369
711
25350
96530
50070
60097
13916
20206
36162
35058
57152
59524
34070
99491
70203
69667
32594
13558
57575
99384
65800
35847
59901
55336
894
35603
92868
45082
53081
41374
38794
76523
29772
73087
15116
78001
95362
72436
86184
91817
69489
91871
15368
9826
47358
80801
52646
92134
92182
5476
45237
25853
35786
8185
28513
96532
71399
48547
52067
18390
43325
2
89355
69456
88159
17397
48238
34362
7997
9213
14424
36168
77663
14006
50206
84843
34924
49005
90714
66043
55140
15044
77847
64707
92920
17024
64991
93867
93791
13746
97400
32123
58734
8995
58241
12321
7570
2960
89837
44635
5855
67380
41748
84605
85477
19151
66545
12379
38799
1252
43080
24204
31365
74541
8331
12740
52087
32917
7023
99288
52108
69640
48262
92088
2751
99471
86535
12268
72446
41603
67425
5586
70517
44703
85448
25127
76031
28608
21184
55067
883
86435
57565
89429
79695
29676
79484
66087
89874
52328
76458
5377
22895
95335
70557
2108
54318
70537
83357
22558
66050
29576
77168
77118
28178
56176
95497
82066
43469
12325
23375
8359
57798
76282
28459
44582
11728
83307
99752
18065
10416
29506
39504
12117
8992
10341
50856
35189
35968
16613
71284
25641
40143
96905
64608
6409
93222
33316
17388
20005
38500
87841
18481
18042
67523
45884
16260
48442
54945
48308
45445
79213
72341
7070
67467
42672
63004
40188
64633
88766
24954
57481
367
60260
86185
18910
51854
65161
69524
92669
87875
13140
39247
70482
91812
90352
3609
28380
15753
99064
17985
46374
99345
7276
57724
83216
41977
91252
24111
5225
20466
69460
35336
68233
61562
85452
81116
99180
17104
66664
10272
71264
47915
71717
5681
4815
96924
1639
46288
60101
94397
27325
2976
35628
81235
33181
59314
26456
81663
53465
59412
3847
1330
73763
63923
79178
61386
86523
3863
98730
75748
43333
98876
53185
43075
21775
96426
33462
54322
19061
56610
40073
42223
52258
65946
51393
9268
29212
60872
30111
44330
82007
83261
60416
99804
92027
45056
14534
4051
51383
13884
42161
45966
26860
81659
56452
42254
88363
90843
76171
10387
67157
67562
99546
32933
3526
27507
3336
46315
34912
1051
420
12790
48875
78675
71605
95042
42173
58141
27018
68673
23161
78988
33535
89248
4751
3370
88957
77021
98961
29001
62088
45268
54015
46539
44786
76330
35773
74436
38920
16764
13996
86906
72854
71362
71131
98636
84121
62981
82566
86658
75628
8294
28522
11982
17737
43315
28482
5407
4410
54285
42060
30959
52229
79473
97135
28473
21795
49202
88297
74768
30479
14717
44236
46557
6174
79020
35607
95857
40113
27953
13143
70410
59621
17275
98237
85238
75250
81294
83053
2433
24345
11382
65235
36939
74968
98717
75371
16379
19894
54250
71095
3815
66348
63913
75839
14971
91360
54182
36515
32525
31961
62204
4421
67917
44091
69254
28502
94504
96340
17056
87909
10237
74685
91117
55219
69861
45918
97200
17805
83015
94565
86672
16181
70579
78031
73964
27684
66575
24108
68928
42319
15161
67163
73742
42165
27371
87041
86980
5095
78747
7190
80297
22312
91850
85206
89659
221
18994
27918
89786
56466
60352
82919
19601
67984
41463
27666
82522
45616
54316
12350
57869
18146
35664
21726
86800
18146
88906
2443
57852
49674
8423
630
26526
88768
87904
63391
54267
79270
55390
82822
87848
20711
96375
50995
23470
94828
27721
2087
87903
4605
99766
27275
22022
97715
20531
45357
15933
14161
14531
52068
99271
14402
69551
75059
62530
90753
54128
8086
66812
39816
92270
31443
42668
85281
34397
64857
9446
2007
74901
51262
82681
56984
22976
50853
40147
2263
73548
11994
11968
62577
20980
32398
32802
62148
72100
7399
3032
26748
20238
74827
69304
16987
64052
59698
97448
88851
56593
91690
99623
15838
17900
82846
48108
49702
17571
57088
54714
62608
11164
83926
74920
8097
26082
23252
7804
59645
69489
95403
46487
76606
82197
93582
44461
74951
40886
66642
49762
91066
99694
55278
97143
38747
36284
92788
41901
82568
29786
15921
7810
5286
9712
30467
22290
17128
63833
76074
31162
67541
1501
5131
3621
53278
94982
49967
85604
69622
88259
52019
3060
58188
45587
29158
6162
28632
50512
66660
75755
45988
2486
15921
20245
61318
2109
27763
69521
12319
71358
40755
2826
46345
78223
48260
25395
62352
9322
49656
31261
57783
32725
13279
79327
8531
58118
81267
90188
10095
22200
90905
98728
92395
92036
59746
75384
85522
59594
27057
94819
44398
12994
68822
68189
95680
65065
2238
88810
64725
21430
96004
65820
90163
85850
11391
39175
34085
42222
86859
56518
92937
48635
41713
31024
32533
31320
48383
3318
9214
61891
98278
88509
84333
4813
67382
17349
81139
25997
79966
74132
2757
76513
69736
75442
68940
97575
49608
92609
35022
83543
73725
61201
50943
76629
60568
6413
22765
53118
68960
70342
16393
44382
72098
14933
18833
3865
77987
74973
11063
27352
7819
42188
96468
66691
60855
89284
16135
75997
89647
68531
58859
90681
18803
85002
34232
35207
89079
60980
36529
71509
40460
88353
18021
22882
56133
64834
42304
59431
92278
83794
49194
57526
62952
51328
3447
2404
60764
85956
33774
90902
70224
78137
34991
73124
30287
78421
85470
55530
26489
24655
92474
83315
59191
95759
77240
50584
88922
41040
44990
7212
94468
20370
25109
85918
39806
52256
17988
57123
80167
28978
63485
41574
8193
33647
71427
52495
90341
28209
61444
32202
41843
62503
47917
21669
76164
49554
48761
5118
74362
63428
97291
46318
37354
78055
94575
45211
97287
62257
97758
23722
47556
53658
31230
84711
52643
58237
14731
21446
85571
73205
21998
36709
68656
91478
81466
21842
59525
94784
74514
59916
17602
33233
99659
14028
87055
41775
38592
62380
56528
1438
52711
56750
70214
30772
15303
1891
9459
31477
7886
55316
68248
30239
36337
23238
8653
31226
17940
41639
35856
81503
12927
73795
69754
38414
35965
75062
69384
62372
24575
2185
54800
67587
90699
75187
43406
98310
54245
14220
49715
71327
34812
38310
87804
44809
30297
6651
67424
57751
9652
6372
29546
20560
97978
90709
73468
47926
22792
57000
40000
76529
19998
78046
15892
90336
54907
2230
65461
357
28910
50239
53530
95412
57463
4408
19956
65594
77887
87269
7743
57213
63165
55345
66567
71833
22171
76881
34421
89398
48227
94095
96597
16551
30205
22823
55279
98737
40588
80046
43451
29390
295
75078
32725
8815
24028
66559
8140
98598
84870
13381
65148
19203
76015
8638
17950
35716
91826
18173
90049
61400
99288
75063
38021
81206
1209
13089
15529
29861
16660
39878
77049
39445
4231
65663
42085
9467
66379
40235
12101
65645
88486
82180
40339
85212
36349
25959
69842
39384
16163
2948
63671
38227
26686
43168
25080
75626
24025
17884
62420
73051
72925
99800
97799
80471
10827
30301
35409
25355
10303
38
57883
1421
2205
67332
11685
95317
9813
84041
72023
23143
57827
14883
11992
22420
68102
76094
37234
91146
11100
25648
39997
49331
15855
71065
20444
73376
98951
74711
59507
24435
7209
76372
64104
38501
3678
3772
92851
40057
1852
33729
31153
95650
67418
9643
59055
99206
75245
7683
48161
51325
42673
78038
38679
81799
22834
51218
957
57455
72200
7940
62391
65224
13721
88097
21722
51973
92693
15772
71780
35232
44799
98563
9393
84725
76712
9883
37345
42992
15961
84569
95679
31172
43403
52585
77629
52923
35062
43761
55383
19997
17042
33107
2944
31362
2629
69442
76194
19283
55434
39864
56729
93819
72559
84341
84821
99146
11732
77561
99731
48585
68241
81198
64065
92061
22349
57418
93318
5432
77395
66513
23265
94531
91885
88863
60358
12636
4774
51840
57036
18544
48706
21063
20163
69803
55717
65424
18611
29907
8217
84412
51573
21092
28889
41681
60158
80605
61058
16841
56508
47137
85700
52151
39149
13740
67273
8592
26425
65181
794
37726
45250
7090
85317
91218
61273
91540
93164
52257
83978
20298
44221
18359
36357
194
76481
90316
69832
78560
58607
48135
70249
99692
54684
3659
65365
3238
16097
8407
23737
22534
59972
66769
657
38497
97311
7909
15175
1641
83364
91543
24103
66944
76138
65991
62280
66708
9614
18879
36558
54682
97902
68171
95922
31104
45495
88944
11087
9293
84216
14252
79579
99729
16986
97455
35129
8562
86422
4884
66661
19284
68300
95227
15848
3942
14824
87295
57684
83025
4396
46169
54657
1400
12484
13232
41367
69376
65849
75802
56984
51528
87785
47797
39050
55479
68038
18685
67738
90158
95218
34413
76313
94663
95162
79176
76901
42962
80026
36622
70286
59933
5293
66730
10846
15872
96940
79437
56769
47036
86540
41934
96578
5634
46614
18021
65238
57617
82475
61314
29444
95651
65792
96482
59141
57191
74528
10273
87926
20881
7685
3166
295
64618
81987
1501
82140
86977
84049
66531
36985
8021
30242
89981
96786
81106
22166
12010
48412
95309
54694
4323
1405
75640
97647
20304
62811
87016
97485
70013
25113
18411
20256
55853
77962
83811
9171
62277
30965
70537
59900
27931
52279
40472
80850
30755
73653
70890
383
81584
49000
15738
59720
9881
27259
71935
27231
55554
564
74934
35828
13599
7882
98074
56312
21585
49924
50278
38009
21630
95198
89999
81853
43241
71137
88745
30992
96689
9320
29229
41585
61946
98916
62141
95032
48440
19914
50801
89189
90618
12895
81970
76132
99914
33581
88705
93718
17597
12844
96559
48912
41762
30379
59622
2435
24437
98363
49306
93382
53040
62724
21768
11284
56658
56417
6806
79620
45917
44202
19363
60417
66749
50348
93055
92860
7103
67522
23547
3865
77514
15441
41689
20897
63603
69625
26905
22769
49273
98857
67832
1233
82394
63668
13483
50118
69868
86701
88389
39636
21468
35271
7876
11302
58538
63559
62409
57197
64227
98501
96914
51483
68184
37838
95525
88141
18488
35366
80826
93220
51130
72316
61941
71233
27573
43805
17360
47762
7210
49975
27041
33095
80774
18884
91346
86092
27132
91511
23259
34739
37014
94438
95052
42179
34531
38907
90055
92715
85700
75059
20150
46542
12035
51940
31650
83965
57224
3231
66771
39382
31523
1524
9318
89791
38321
39088
49925
20688
75073
86332
62943
35529
28475
59263
89272
30435
33279
89748
82971
32571
92710
77391
15495
7397
417
56233
43895
68291
79135
69859
20332
70563
89195
32731
56269
90529
11841
67934
56587
94041
74038
3006
25894
64418
45063
44994
70390
50233
18718
55632
30998
34938
78586
79477
90850
71168
80959
22106
77030
8955
95554
33905
19810
77460
91969
27320
8219
28932
17237
43366
88133
94260
73669
59132
58903
51396
91540
56096
62879
11687
23608
50403
44389
7624
51635
3169
54171
41121
4265
41606
76175
25684
8692
17994
52649
60936
87670
23290
83839
64349
52823
93299
90801
21180
7658
25705
39941
24838
28863
81616
23642
9380
75531
54079
19821
1744
11207
7225
13878
1115
86375
85970
46204
65899
62083
7356
62570
57471
23613
92835
84581
84612
68928
25043
51582
27294
87615
50752
46447
94474
94419
38108
17240
34557
5926
22417
73987
25717
78278
63885
29032
60180
1193
66018
87904
23422
51178
15247
52886
86762
19928
71354
68167
47408
21566
67451
95470
5592
24646
24859
72442
77327
27726
51094
65661
55431
20498
17185
35226
540
20500
13414
28078
39866
46648
68241
38538
50580
85562
17727
43382
73844
63342
22492
66287
37384
54281
16647
17610
23425
65319
47574
93978
42698
23847
10050
39382
40641
37173
85542
59293
59108
36750
6400
48946
91414
58199
97737
16855
49038
69910
68799
21537
69524
60464
6301
40064
4343
99831
33365
73865
86772
25593
61392
38836
56322
12513
19640
71357
5258
46452
77122
53902
7756
68791
93192
75239
37903
4533
60587
94047
30201
2569
97952
42138
75931
60928
44750
28428
89046
93856
80581
8619
28504
4273
5702
98543
34616
3832
10389
45134
53452
29808
51095
68818
32992
63223
31405
45815
48968
78401
35034
61933
34113
1412
68275
16220
33510
6635
34073
62426
40000
99541
88848
51111
41268
13293
68819
24333
90911
25330
65346
70738
55995
76110
53445
29184
55989
62337
68136
68582
6135
36713
47119
92819
91256
62368
48343
91317
66478
21146
67662
96080
68341
81168
40783
45925
59799
28207
77876
92161
29067
34264
92368
23766
886
91548
58383
86257
94744
38862
62148
43175
61428
38330
66908
36599
78743
84479
29752
76420
71956
92725
18976
4231
80689
32131
57867
3514
28466
35287
20705
88511
3513
581
32179
96052
86122
26651
75925
228
53845
25566
42656
26964
55960
73847
35953
64174
6625
6579
61699
54124
15859
78381
34178
80217
38543
81959
56314
78953
68754
25799
14060
49876
62331
50715
23068
92824
73141
87456
90592
49670
10452
21468
98547
63919
77862
20228
36812
22895
29038
9773
80924
38230
63996
34774
46208
46535
7563
88471
37693
52778
18348
61951
91307
77259
66856
77531
8747
94733
53231
30356
405
14023
47415
89933
18741
11812
17033
58874
23716
57065
23172
60304
30931
96020
71849
32783
33232
48109
55594
84081
5446
14862
42541
59382
78077
86930
87052
88951
88911
83621
13429
14170
1069
622
61418
84557
18746
67217
45059
44262
1953
62098
30608
76327
86941
45796
99556
88514
21926
93544
3983
48443
7789
2454
3910
95617
2316
69356
35114
55340
7186
41785
40116
64123
94419
52452
57030
43003
42731
8612
25731
79798
44605
47410
77324
12629
23571
71600
11944
27400
98074
28543
57714
64206
710
1011
51135
82489
34354
96327
43683
6051
33455
38288
10360
33266
37583
75677
66005
11541
44984
53097
98820
81578
91091
92714
72164
56565
1991
68913
18711
82872
64457
25520
43267
76235
55251
51945
18369
96813
84401
79324
75978
66929
518
92496
58077
52533
26282
46047
16353
98451
73789
39835
89286
84812
89908
61132
97862
33398
20490
87733
59312
41248
30160
55553
35416
33817
55073
31584
73356
91505
8279
62045
37250
22665
71610
84623
35741
26702
18571
16452
63472
31368
40708
17656
522
41539
12631
2289
54295
84754
12969
71949
99166
27121
8100
61136
71133
72185
12762
10848
10554
45358
72416
3038
47470
56566
39935
79218
82178
46337
70634
85575
7631
12411
47606
31764
21000
1496
29608
26795
20677
87725
80269
34717
69663
24452
54012
46506
89139
85343
44664
19050
6692
94604
18594
65405
19568
33319
39295
22137
81538
76659
5852
58089
55365
25935
48162
95022
32658
69641
24460
36371
14640
60927
54215
13864
33724
42506
93064
87568
5999
74432
46276
23564
47678
17817
70405
31079
1256
88543
5721
56456
26612
73225
65890
48250
90713
4122
66148
54040
18913
57694
52230
36817
87611
3267
72830
89063
55981
63927
32594
2873
10622
23810
99105
45654
99687
69440
62473
51169
53542
78255
34882
41016
96228
62189
79811
6878
95194
9440
10500
88363
36450
99503
74273
1766
47756
79817
2196
89636
91869
83251
61072
11305
92431
90757
84841
89136
87885
29183
82682
46040
18476
79893
69348
90011
82637
88545
187
59726
41270
79360
16563
4149
28729
3209
56453
37375
61415
99306
30598
24320
91105
14177
56070
91054
21400
30272
15887
79821
24139
24197
36923
39791
33055
65093
89483
80688
77157
95842
87421
87934
1542
95872
96974
26838
25474
71424
34869
7518
68594
33646
63856
39124
20333
27151
21096
49295
88383
46150
53655
4544
49065
32147
27807
3795
65876
2066
41965
37425
26742
30034
90190
95481
82096
53852
28050
44892
51707
26123
29856
13357
50660
82485
17687
43771
27050
95928
40218
68612
17402
86374
51564
31261
33603
64015
59138
91101
32754
25230
33708
2183
59045
25850
59759
69432
40566
15636
95998
9837
15696
58661
43556
54251
57254
32856
23963
10711
52102
37242
73269
93056
13126
59134
54725
62783
54889
16251
15077
80810
20544
64367
40018
40612
7465
91915
97539
42861
83448
54019
36684
92629
94761
35509
83460
26706
42782
20325
97642
35021
84424
69537
41781
39889
15606
56277
45824
71223
10776
4101
266
32177
83883
90441
57183
49697
57378
86810
27542
17912
1476
94547
97951
19120
15411
80299
56804
40854
79731
86705
5072
19600
41942
13950
67439
31956
45945
96996
7485
9539
6738
5224
15430
92029
19932
27657
4149
5916
75109
48071
45806
7889
84656
85066
30890
479
35797
87324
21999
6376
16429
27924
33009
15227
73189
56173
23076
29630
48956
43679
42774
10076
33712
68591
76144
6673
23047
22131
47816
81023
30789
36043
67785
46486
62029
69001
24068
30582
73237
64920
71362
10530
12207
97353
49925
73076
91605
19397
46393
28032
16144
3040
83513
82841
38472
96983
64567
49262
52084
55082
26411
68586
64752
73149
61935
3025
4841
38941
52934
25978
88368
95893
96353
81580
52102
3860
23949
59395
4615
11531
34156
24415
98657
17420
78312
65408
94762
90791
6802
83456
35483
11740
33713
88971
30463
35428
31088
88138
67821
64010
10358
65211
88567
27579
69276
44724
33994
69200
96364
63617
54879
18662
18623
96243
52935
46319
16072
53545
87335
5368
89555
53583
41560
16121
98382
48621
7368
34626
76706
14396
45846
47402
65588
2510
49791
55485
24339
85569
11035
19982
88002
22969
83462
48283
89266
16778
4506
24555
76235
93700
39530
41506
95270
85311
67977
52985
56831
20145
85187
30455
46760
50463
19657
33597
782
25755
40646
36334
9716
75030
82581
11362
77421
65886
77936
80924
51296
23518
68859
10821
67944
41107
62999
84542
16445
89534
49680
94996
37010
54703
91029
28804
83204
30784
29622
48637
99922
25235
61149
20640
17427
83844
59714
35329
53525
33866
90409
70165
74028
95267
40450
59357
53301
89053
7558
91195
52400
82770
90574
56049
47650
55754
2305
18073
65988
13366
16392
30713
54667
5137
93203
98607
54862
59516
9703
42947
59941
73273
22824
87116
39008
61680
71967
12481
40702
47007
16305
2929
5526
41687
54373
95726
27388
29043
15178
26941
31387
36726
35208
81111
66040
43535
9206
31309
40483
12510
85029
24479
61223
31441
23219
26937
62661
1770
92190
39773
13551
44801
99995
18234
51742
80497
54656
32633
14824
13491
51644
61020
1340
10024
36510
95557
21521
65107
61062
69562
51230
30991
62953
47219
15186
37481
9519
11396
39584
65523
60362
42677
87270
17451
65086
84605
52402
10357
29238
66063
39130
67461
22866
39060
59539
92152
24714
41804
35541
87111
43658
13316
32370
22744
67145
97607
25883
68610
80586
27583
9903
59058
37123
87817
21932
97814
80469
79976
1764
48764
76508
78460
55059
81341
73103
67624
57188
77430
28205
21613
65190
42097
46253
54764
14193
77490
47992
11733
85436
65425
7740
42587
46850
66346
83800
26818
56253
31213
44572
31456
97392
12847
87597
23107
98553
28503
84558
88565
53007
35694
52685
53420
21113
33491
36148
18066
15462
54530
52045
91565
79279
54699
24785
77852
24646
48894
37208
3322
84284
27180
43333
67023
39642
96135
73685
80577
80148
40818
71275
84455
88755
68860
97991
29130
79485
39833
63343
30734
64028
25735
32067
37032
59942
29565
44319
83360
96018
79381
92730
71495
8803
15596
48221
99460
35684
60625
30481
75337
68218
9058
34883
57822
37680
20704
61728
84802
13801
77635
36853
57850
20579
24658
68384
54188
12055
30581
3714
85118
14376
93204
84209
92459
47780
65853
61409
91116
86343
39217
52710
86722
7776
25702
85443
9799
658
41407
70090
7350
31390
25987
1576
92812
51406
52516
11478
3960
66674
73314
34544
21253
16266
40752
79959
9231
80175
41606
60858
58823
10934
47174
13398
30934
85672
52696
58735
53229
58711
83978
43326
88448
62866
62468
50689
5620
74837
70512
90215
98314
91868
95966
45821
75427
94334
98848
56546
23650
61600
40236
62290
11560
78089
24474
45299
48340
15373
15757
55798
72885
16957
46587
37050
63049
90356
58754
58272
2435
28118
99171
20956
69147
2957
49528
72282
33332
70742
83079
99227
62801
62362
69733
75559
22327
52193
90972
80925
12804
99876
31708
34386
43823
87076
50866
34487
15405
99490
70668
86220
62646
84138
44312
28709
47834
85334
66536
43074
81401
9475
86497
22134
29726
36497
96766
64630
8327
91602
16229
89124
37306
49669
86384
65277
74418
83829
39782
73011
36609
78043
76380
17806
54316
376
81501
61349
77318
57607
6016
18224
40007
261
30190
93224
35415
45350
32383
53401
24000
4078
31904
97136
94204
60945
89115
88207
14356
91508
75512
68833
75242
48256
247
42291
75905
8229
6271
88213
58698
68068
80132
23367
68079
749
79487
90598
69635
97595
26564
3804
83215
22209
54180
77282
42404
88145
42992
9359
67444
41121
20190
52414
87077
67527
86206
48642
14820
23729
46737
27429
55417
72483
74516
19230
17440
14307
45316
49136
40231
50214
24148
23391
79919
37226
52019
28417
2732
85895
22447
5163
23323
37946
9364
36244
77895
96212
70108
4815
41581
53953
17785
98824
51144
81933
7888
1393
25769
43208
49286
86558
32491
51497
93600
23804
15873
51564
41475
61492
76711
64138
77108
16746
86066
76678
74410
74682
76339
66897
85457
13573
41968
99111
86161
23885
6930
87500
99292
29149
4827
14260
11281
10454
72980
41028
45059
78356
585
60470
65839
63441
623
5500
19017
40851
88756
39689
76193
17186
1830
78919
64034
17555
83363
59772
96168
9579
97663
74986
86167
19218
80681
59607
4956
81604
89229
87936
11534
63552
85594
15599
36602
84906
16904
7510
80596
31199
29284
59623
39970
88291
81377
39124
46273
80301
62881
38494
18157
55687
6890
70234
77723
2305
11365
69793
51652
76842
95799
14580
77903
46033
88570
57044
43906
63033
26699
15460
92972
56054
37354
68521
66487
52890
42545
69294
10829
63506
3414
75895
17431
98164
60838
360
28319
63891
31896
98453
8748
12867
98476
77688
34695
74219
79979
72833
15610
94189
65284
88510
17871
7506
13913
94570
16336
42129
1831
37573
91629
57945
88520
72984
13658
46108
69266
88553
30766
36653
4322
90473
39042
96885
12605
45090
89875
51471
23961
19637
64505
61200
37605
77393
88170
90020
2730
22315
48881
99283
88422
72743
5679
47854
83457
62127
35979
79242
75460
1679
67805
9815
33902
40908
55369
78975
41412
22943
23154
32354
6798
61674
5208
53359
87979
59479
73653
76178
23405
53825
92090
89964
20405
72600
14412
92265
12775
95432
42223
15025
15277
48519
73432
46888
66663
88818
25169
19907
282
24785
21000
93410
44904
40116
45267
80929
54476
19270
59692
94757
73478
35833
77824
4916
13635
12365
30070
17593
67294
70567
79200
49791
15236
60123
47001
66921
45963
20995
48111
94920
3100
76674
34931
45428
65350
25185
24613
22480
93811
65594
87312
29003
30362
70459
25363
72851
22006
13083
27145
4087
992
97315
43199
67365
33801
40352
60489
65936
33241
83734
81848
15784
6023
621
37374
19950
7833
75832
30861
9341
34880
64088
30269
68648
85098
90682
88986
62063
6557
61731
91652
21588
86355
15460
53172
94149
21519
50460
85478
20532
10864
5408
27898
27479
41215
17937
49868
36110
19081
69036
99369
88197
49634
24183
9460
95000
90798
83329
85535
47279
4838
73695
68782
87203
41551
93446
80274
51793
31770
54810
53051
51548
67937
90416
70429
63154
83535
74854
29110
83487
64904
90822
46673
72650
64754
24707
25740
84248
46338
8700
6851
40412
31293
54364
17204
83696
21416
98128
70111
8289
33288
92801
46146
452
91574
89507
32315
6235
85031
46088
8413
47265
96258
81317
13024
57012
23185
72920
13561
87999
52962
58200
84056
3240
85091
8095
6925
30956
44779
67169
89262
76395
75657
57507
56173
42946
75060
5022
55529
43162
57840
37222
11183
68118
68527
67486
11448
80093
35377
32386
55805
5883
99135
36544
92869
57367
25278
16639
53883
6119
56362
24779
9055
33271
49664
81810
34593
95835
5794
69942
84139
11454
23208
63931
86911
6067
92025
45979
33124
34295
68775
27075
86365
93581
71965
23770
66804
46323
62435
32601
11646
16222
67770
50046
23902
35976
18808
98812
94156
23074
55202
64320
81487
98455
29937
73325
86740
98382
76183
75655
48344
2419
82822
67385
45029
27598
22484
68908
39284
26023
73986
79550
36567
14699
6815
68901
55030
77342
75814
8285
12619
30322
65769
65901
89536
14736
39518
47592
59686
65241
42987
46505
95867
81669
12351
26610
63757
71153
93287
18589
48393
70904
60
90914
75493
28744
44647
29743
65815
51148
17827
24029
51399
86959
18627
63266
11608
32769
33580
37152
5458
24014
96318
62011
7026
97389
71271
44902
14484
4791
81592
89851
31950
44761
8676
44262
44258
20863
38148
45152
7676
57373
97566
4860
29624
60305
28243
89570
97401
57163
56541
49899
16396
14062
25076
22632
17748
65293
73885
76304
92087
91460
8899
84274
90393
88091
24693
41460
37747
12377
50668
29226
74346
36105
61050
83573
8657
66807
25848
69157
47497
30884
84945
16335
97475
49296
6344
14062
82517
73331
56858
91666
86194
15103
3894
56695
37639
54868
41583
85189
90147
88705
66416
44219
75700
47915
1148
6096
54714
4383
13792
7369
85134
1033
71790
8929
57287
69906
78284
19825
83745
46794
95957
7362
99289
57654
45547
629
65363
96404
41530
95416
14464
80166
21001
54960
36665
86545
80085
95945
80104
95166
15132
87516
76652
91315
60970
41454
59946
44917
43995
39197
79936
63318
48652
59636
40216
4506
41558
51844
73176
2593
71130
69479
86531
18203
30688
7800
40839
64845
82403
72508
88916
57896
52158
2167
65748
53284
48231
3838
48211
99556
49186
45845
20557
65688
91466
28651
81147
79011
57032
19205
22420
88862
39667
70463
42446
3578
46383
59495
70839
78794
81555
79552
49767
71166
3285
68281
72409
10637
15730
97102
27416
96140
77815
66161
23409
40360
73133
95807
67256
62907
90239
71772
31907
75926
29807
50703
9801
45830
86573
24727
23213
44271
23138
98085
65858
36423
82172
48137
68451
98346
28185
52066
90001
33424
66939
70199
20270
71544
23053
81360
88647
12560
3371
15287
98860
309
45219
39347
47247
85177
34282
40274
14043
2
10265
49779
67502
61687
42446
68704
38714
6576
71839
90658
32286
11050
30659
1303
98053
6947
90806
60369
67645
53089
2931
15136
34576
79198
99782
17121
3442
702
26858
58469
61732
84176
23391
4906
82244
42927
73914
21067
12014
35629
21498
2962
59171
17728
50176
38994
34348
86888
79793
41394
19904
26367
6716
79357
13671
24116
6018
27806
41202
93951
13826
5136
21250
16241
17020
15779
42783
91258
34105
38734
77574
44553
7146
6776
9936
4045
1432
39860
89774
48391
18405
69619
88584
502
32114
95916
95171
99299
45245
12764
8515
3139
91273
65799
45993
77486
54610
3543
7333
18755
73779
38864
13428
11553
34994
54764
34158
66864
95510
99444
24992
76655
75939
65071
66133
5102
30770
4673
28503
43445
83264
82284
30257
36393
43405
97398
58322
30524
73394
87732
43251
49784
6338
85834
46106
56025
52188
174
46168
79273
18105
25758
84202
57923
11321
38285
81549
37456
46885
68875
64069
44589
26825
18383
21006
43562
17858
61712
30757
66991
35535
17352
30291
65294
3714
26800
5278
87114
40651
78846
37964
76927
35
92330
84059
82200
69618
83369
57953
30935
92514
55285
37397
495
26227
75640
5074
65551
99507
29082
78804
38440
68105
76479
65085
71650
46029
71182
48327
15671
74320
60264
1953
1534
76518
3231
39617
67850
75024
18183
79478
22572
19157
34390
49512
76408
49502
45617
3901
76831
24348
43461
51433
67897
49957
90422
29381
21384
12672
52291
1542
34452
33081
55397
907
25265
35210
98934
67602
21204
20414
94470
62504
41050
79489
62859
90351
45956
40982
87451
43099
84521
57441
16871
69144
56893
98455
50509
41274
26139
15297
5752
23795
74308
78575
15066
37409
5112
66743
41822
31605
89984
14682
31020
41045
83898
13031
97756
26476
35501
19213
6030
36026
74554
50289
76957
66931
62780
70024
63102
48930
34173
96963
87996
51256
58038
73609
21651
20840
33796
88601
24719
66047
4851
97707
15285
31922
13698
66571
48476
44531
96919
49662
50366
78595
55917
79017
84097
79135
97636
89330
13950
31594
38040
60710
70821
63920
78177
71011
87490
52818
91527
71631
84319
72778
50889
53420
84602
600
30701
20478
38230
25183
46068
89802
3996
38523
85085
83754
9110
38643
59155
91364
60439
52455
86546
70327
12257
34625
25264
17537
71626
5146
72296
5796
76677
11169
82823
68160
13466
516
53532
5960
49442
80581
74877
42530
21157
65932
34526
1170
90095
37391
88640
58584
32969
71604
15458
83068
28896
40541
1451
40057
91781
93977
67143
74768
69310
89615
7799
85103
9757
53158
2940
93995
41966
53167
62633
43231
14547
96866
36487
42062
95415
39043
65579
54950
42755
48601
80050
26629
99538
93779
31469
89450
91095
50928
47456
21476
94834
83324
50692
97925
35581
62796
6623
23613
74115
56833
18564
72608
57013
80895
17560
9435
61653
73993
33088
55514
4934
95243
62947
33941
41877
43413
68085
25199
37136
78693
52617
20385
30377
46216
99923
25756
8430
21370
80496
71581
11718
16679
3094
72706
11180
74114
85588
27764
50784
73663
21429
6104
81466
62563
24129
57711
19099
16210
1490
8309
39985
29126
80177
33354
27753
90186
3342
89909
5631
11300
19842
50169
44775
14563
89873
15725
27350
11443
54698
51957
72805
24839
31488
62600
54361
53119
66966
35866
77227
71829
19923
21861
75004
81792
47221
82278
71463
54465
65678
59745
87116
84296
50791
60511
41119
9217
22689
29887
29779
23437
83305
92126
56826
33219
39496
56935
34505
46105
34381
84829
83397
26009
33343
10695
94198
42510
87494
86497
96817
55275
91909
36023
5010
28879
21070
47440
94927
77528
99927
2501
68209
54173
87922
76409
84738
5004
99396
5824
82475
3470
29808
50168
36202
12675
97750
99915
41767
88672
95446
26675
21457
72092
77373
70383
31539
10057
58818
45703
11971
15075
82082
6887
1289
98185
3479
7324
99127
99060
46299
58931
38075
22007
67163
13884
1528
47303
84005
70043
28438
72527
95296
62006
85688
91998
46023
56037
5238
20716
84393
35994
76113
26465
80568
61465
25958
87385
30862
31171
71073
27133
49962
94866
19933
7353
54189
92842
87027
78400
34769
38742
92818
4769
11861
31814
36268
72904
14916
77241
95633
36837
76230
69433
57738
29595
85758
78752
45426
43051
66516
56220
12543
17325
12617
28074
60544
25512
95230
6805
80321
80202
30782
26817
96265
3776
50622
8411
53216
15341
28865
87475
36667
86092
98152
41734
17136
88960
3853
79676
43260
28419
58306
64699
37988
19973
88530
20573
23752
41837
60929
23503
69621
77516
93827
37066
42433
16662
11228
97074
13333
78233
64967
58539
48274
67958
10496
24428
17111
18311
9316
42441
32327
49171
84980
18760
58057
92752
32952
7065
919
99110
45417
76693
42154
72404
86941
38274
63326
44178
44784
4611
23167
75000
48454
87681
29643
7956
92500
40761
59395
72554
31187
51549
1675
76079
37688
48447
80533
92806
99625
40010
1072
91243
22037
22787
54561
81828
14809
44756
42926
87251
28507
55353
76005
92273
57346
23470
31470
18132
36876
40200
40581
34787
17867
20854
79081
82157
26269
77945
76533
63625
91313
83634
51153
22794
95686
77699
77522
62400
41804
45832
5468
98710
44268
23024
58437
85281
30965
32726
83204
45986
3923
18791
56562
92852
84713
73767
99241
92698
55801
71744
43630
31217
7608
96039
7998
42484
15032
94921
47139
73654
64093
96280
1766
9650
75521
46978
82276
94012
12287
13542
93751
65296
97641
30660
58387
73907
17675
18070
54978
9259
64081
82674
91955
60722
95931
51527
33964
19663
36059
5148
21287
2844
64744
62909
3818
58668
79054
34814
96219
34831
30124
65731
84455
51871
76381
88605
96572
11547
76696
53685
88227
37681
63046
27964
21615
44228
65213
3435
42798
27886
86864
63332
74834
21993
71498
69782
82484
66831
59358
83998
2737
89705
3403
85003
33276
61951
26011
7622
93498
23301
24929
76271
30834
99263
38835
45840
39063
27745
54282
70716
38035
35441
62924
71261
48954
76812
66721
47658
43481
81374
12512
22622
17734
24268
62136
9680
57036
11935
36642
37048
14693
81952
85822
62164
47066
96979
36303
56974
10577
7260
36574
82020
27757
83234
16907
18441
78400
39892
55534
81507
4977
14206
28731
40099
18238
19602
53838
16255
9210
11079
71861
71333
68973
88217
31363
10224
81930
59655
18055
78609
57890
73077
7499
35647
62450
97354
74321
88505
80950
92941
16699
84413
42067
11320
1694
83097
1358
85767
67776
77535
88330
56673
78275
66055
96138
31638
38299
65376
38652
94210
96649
2947
19952
16436
3870
9456
49292
51897
41173
1583
91083
70856
29333
60167
20693
58047
81912
46387
40610
62004
33664
1224
52473
24361
70121
32469
1266
14365
59566
33346
18066
58875
10023
35781
11294
13950
96698
62078
81500
11628
12459
83030
71798
55162
75292
44092
16800
44983
76008
81132
6719
630
91511
75547
54383
56737
47156
23999
62033
41556
38348
40000
52068
48411
69282
72501
28201
1648
14447
62011
18595
12379
54947
6523
63321
95282
19456
56733
52610
99664
82275
54914
46856
51329
74164
66627
2348
23095
23497
63660
97443
18450
98550
4191
9201
64002
65483
93390
26396
35034
37361
14947
29543
64135
97129
88101
69654
86929
22548
70432
46062
41312
3514
70349
72295
61378
24660
23612
35388
21880
46436
54561
49880
40507
98833
81354
29271
76730
34792
79357
43425
54092
50154
77930
12040
88364
14994
63121
4273
45599
80216
83095
6974
77204
38284
70474
85307
8192
67946
19267
85065
42129
83275
66896
13927
14568
7066
25493
86965
29882
79848
13298
10509
3648
76413
76992
82179
95174
86307
1527
53535
50717
60305
84331
15969
36552
34118
7658
29679
40520
13503
9362
42116
34141
1241
56488
62602
6645
40695
16985
66878
18711
22513
37410
43247
24033
51550
42192
63597
48629
61918
61881
79198
9082
39199
9238
16169
22860
37417
98162
49340
36899
48930
26218
55078
34143
70434
14024
30620
69311
22482
68875
81940
80004
72673
36243
14995
71094
22339
81216
79115
80977
80209
77665
6720
25592
11224
80387
16912
39073
73916
34335
52494
43186
51601
13765
96064
52343
18632
44318
29924
43977
70738
26949
90384
34919
19288
93478
59010
52851
92615
49532
7331
80736
1466
96095
39253
21758
38454
50780
28782
19293
53770
50471
62633
81365
14041
87219
86481
79868
89559
86258
87575
7086
31945
61957
88103
14284
90507
41278
62997
78336
59009
33629
54385
53185
16389
54936
72832
61835
96514
67858
4692
68350
89392
23681
3340
6867
8759
89948
77455
89585
46017
23592
84388
4301
35727
63968
40382
76947
70278
46839
8281
73949
22541
20673
52058
11197
95060
14707
92892
37480
14730
63604
13353
55390
2135
47875
24648
68362
56771
70352
52552
14906
54977
23987
8546
28712
18612
35621
96428
53033
80024
44115
24174
80020
70568
38543
7325
92077
99059
98775
32460
1885
63108
96311
3847
9868
87151
1093
30654
91974
2500
42790
7860
91542
56541
76640
10228
10208
67762
99890
98956
83335
41238
81662
74698
12479
44407
57111
95092
99715
72374
84182
92555
89739
93169
57391
8502
73265
68939
53253
26563
4204
70492
68098
68141
31252
38092
25189
76024
88759
32685
39908
38037
42962
40876
23547
91779
91835
77631
61601
1960
81735
44646
56855
28977
91048
83176
67669
58903
36962
72761
18224
43997
59939
45128
94458
74428
28210
49671
65567
42214
58274
48129
3249
58476
58073
53561
239
24010
81592
55951
12649
60075
72128
90664
25667
19832
51081
78306
45341
88284
96261
27753
82634
82363
63192
85139
82467
15986
2197
23852
58218
89782
29468
43393
44169
95660
16863
48291
88316
24376
82047
26304
13741
32075
16222
4462
94734
23373
51099
65038
45306
62636
45935
51279
93127
21603
59605
8721
70408
99587
20114
99644
48929
23337
55507
74395
58410
72829
78802
8603
80877
84331
40851
41616
60375
34953
49833
67821
21070
24158
87709
52846
84846
39199
94084
93879
3084
79767
22835
6963
12813
60704
113
3833
92369
1779
85745
77833
61064
36480
73356
26694
53579
92626
74873
44396
5693
24649
4804
25894
79035
92943
56706
56382
50524
84814
61642
57449
20860
55952
40317
84189
12132
79941
17239
23206
72529
72752
59456
41160
83939
97476
32787
77166
30691
28596
24305
84569
26154
9380
26623
45010
80464
8922
78545
19316
60254
37772
19022
26061
45615
75218
53258
48622
68249
95557
85373
17713
27646
36538
39147
57395
97039
69957
96582
17019
39075
67151
62475
36638
85951
45978
21724
32230
77986
14690
19544
60032
28400
7616
74198
39994
33590
59646
76697
67699
63624
57882
21544
60904
5624
40933
2580
33054
16550
1393
97428
19180
28028
69198
40310
9353
44734
66115
97290
25743
32964
5146
66456
97131
68994
59309
25792
33747
25588
18780
93776
25875
22770
62198
75537
47685
5321
66069
83675
32029
90684
19152
7353
448
72095
53660
31922
50661
59298
47320
98979
7525
63828
50956
89445
69701
32624
5371
84657
12825
18216
78551
14725
11111
98925
38376
40684
95357
14190
11515
60750
41513
39382
96583
34091
79557
12166
27806
71457
38998
16953
58983
24488
15687
26167
27314
57002
61883
77154
62318
77581
39103
13548
35969
6781
47487
64411
78569
80375
34930
18096
43228
59303
27238
14514
46481
85539
16674
13719
98873
67247
19233
17506
73930
86109
72711
17002
65307
91027
17984
32045
94796
7411
56124
60247
28791
32342
67440
65462
65404
48921
13109
62656
28122
4600
42906
95889
46552
9002
92136
73164
90599
94528
10213
43151
98517
77048
94374
75480
10216
88755
8498
49416
66323
13788
41445
42178
5402
19481
76343
4227
79586
46827
76629
26138
62012
3337
38269
3779
98478
60485
89836
691
2055
27964
63670
6004
29116
12254
29079
36222
48845
54864
87128
92319
22533
49382
64843
23423
74288
30112
79567
74799
62707
50584
46565
57619
88912
87393
58148
78648
5424
82863
63003
52513
37763
94976
16318
33453
73787
46644
2057
85542
63270
18143
48540
77557
20930
97664
15191
47680
19221
31880
74630
40313
37254
16624
8236
77520
83772
76255
89446
75009
81855
77501
39454
44058
57106
49709
67321
49829
69369
36916
34492
71303
56863
25116
7002
24899
38933
49831
62125
24977
86177
93104
24425
69421
37485
56086
66953
66093
12105
60458
86434
68221
64466
90681
84574
38148
23719
95827
91817
67298
67552
75919
75059
71238
16133
10156
7935
29227
90953
3635
84887
15074
42066
42253
21260
71160
23790
92532
61591
15623
75542
30210
82597
83826
32145
24352
95605
39407
66059
65967
21971
25374
74759
50591
18605
31872
47565
38980
62294
75343
10611
69060
28579
5646
72911
35215
44161
79629
59947
58362
72643
2224
79742
34422
32880
2575
40264
35718
34795
17104
65856
38166
11805
71168
39365
21032
41005
78269
6571
51553
51852
33792
95734
65275
59310
87083
53405
41263
24628
11340
31305
95459
39696
88063
27160
51847
12595
74404
58440
97330
21406
61845
39928
4252
53242
83530
92636
70338
87085
6720
99463
68791
94527
64935
67738
4203
48726
85791
88311
23891
77500
61071
76890
74355
35638
10152
6871
30938
54430
25104
15847
88749
20664
53836
25075
84591
81418
23914
83178
59826
35242
96534
43977
31074
9425
72296
86855
33895
53014
19414
95689
72089
77813
6260
5565
40865
57298
99532
25620
80590
90603
65492
70236
82026
71898
49823
3610
46072
40405
35989
76382
57736
27431
87909
62070
61728
12033
51843
45737
4883
44463
72508
14575
42212
30452
44687
10234
21948
95046
54848
67104
41785
17339
40174
84919
92499
79645
9611
79544
47120
56730
89984
31953
52841
65722
86920
86471
77744
66008
57570
88128
57389
486
12333
66650
11265
10260
11430
80405
81523
95277
72352
86559
73723
27658
44119
52377
38439
6753
35193
92060
49521
38637
77493
19246
26359
37037
72555
2800
42349
52612
64481
37993
51239
7522
58355
4843
94084
38771
87758
16623
19698
85157
14288
68009
5755
9855
5607
97860
79605
65840
45894
24108
34161
17186
22128
79395
69364
44378
78507
49567
69650
92565
80698
48086
84519
50425
32561
82914
68809
68915
40592
61069
9729
68752
56799
74189
36018
73315
80938
80103
7927
72062
83850
52477
12469
64928
31856
22562
37725
13380
87110
27452
67077
7569
4105
19286
56514
62858
17676
82037
94465
87047
91950
45910
82982
36603
75312
64922
92890
41351
30917
67104
38649
60646
629
69444
68739
1436
81295
35148
4999
74328
8479
7003
2947
43516
43292
16983
28938
99641
2685
905
25996
63754
35014
9011
87424
8896
33494
24918
68373
34295
93735
75940
11416
15198
38209
95102
20482
72636
27345
17146
7270
77811
51734
20625
5628
6997
35104
1235
35387
78986
13464
71568
97786
73739
54984
68142
45111
74694
66681
50913
9711
6681
84356
46808
32518
54929
58406
78099
18260
95330
38017
61457
38827
7569
45477
44727
73816
29414
73864
20623
20724
69308
27161
62686
36220
83071
89695
26393
94945
22563
83989
58686
37647
46409
47409
66823
63186
86359
55866
72003
30883
59937
92508
87358
18457
96801
58956
19541
26686
76713
76528
77277
28234
68719
27048
81600
92842
39752
11893
8889
8705
19399
14968
25668
88923
22122
87787
10167
288
69679
78718
40596
55897
11579
13169
88023
31366
46892
31777
24821
26857
49509
39084
7485
29839
39455
77381
9871
62383
6440
57547
41963
73429
10573
8759
33566
37662
52281
52760
49577
26255
9693
92486
87346
12269
23770
38572
26891
63063
91502
65573
34374
95181
99952
40430
8609
92045
1577
61621
98985
18910
93083
97319
7273
55384
2453
91579
22898
29034
49341
29090
19803
69776
77842
22116
32951
34609
24899
89172
6083
25815
56079
32410
54659
74896
48647
61204
25008
68491
13953
33278
64592
29116
85970
51825
27593
95885
74869
45461
51038
72435
36511
92327
79945
83862
35761
14454
50133
14880
53423
10546
15739
73365
85014
70560
91988
58852
62880
19756
68794
22189
9826
9827
18515
61959
53769
35323
96458
10350
66295
30598
71207
49384
90174
26003
43964
44548
34467
49976
6711
65113
3817
38146
97485
32545
50546
84969
36312
96510
91614
14304
21231
75708
88160
86019
40051
83495
88019
6491
34054
33098
56390
37613
34285
9008
10440
15057
97906
46932
24574
51127
30322
4964
92108
31827
764
66012
78251
83164
32011
1284
3985
82246
53990
15682
53983
51902
78169
44075
68250
31570
22371
42181
42317
77801
12658
80694
53613
57757
15836
25911
17902
25834
21914
42808
87141
94374
69587
10219
22221
15985
7497
54556
92732
18889
22176
89809
69749
39619
89713
45980
79464
20713
37778
25705
92246
31291
7230
71838
28387
1179
72406
17831
57738
7543
74951
44446
53717
23881
77238
41726
69557
84175
91564
53099
2501
24389
11071
57345
15230
90758
7065
53160
71586
42267
81586
71859
29284
9598
5063
26203
84012
12516
86100
70525
81471
65233
17090
21331
26589
95414
10456
24002
59646
75977
70749
49982
93901
9620
37849
24351
69622
7072
10708
42231
8317
25255
56434
38666
56579
84319
61340
6035
21652
24764
18974
85630
67465
58156
97420
91029
46797
19495
16527
36117
37915
32493
37364
37993
97524
31183
24050
85857
172
5802
20056
31707
55087
92414
76473
22832
697
80642
69281
39404
50285
31988
34953
24641
31663
89745
28898
91007
83821
47396
65398
59638
77340
73577
94092
82449
73789
48208
49386
3497
70166
69539
92672
11561
80553
16767
70758
59679
56706
63980
20936
55013
46205
96960
4399
34526
61852
64188
78398
66112
37629
86780
31848
31580
48159
74980
44117
95059
60019
11602
81806
12207
14176
40414
1637
40225
40140
59528
36738
66288
61962
35978
57099
73522
84821
91043
71570
49348
64021
17846
91347
82492
73184
10818
86643
87358
92195
60816
37408
81970
63794
90120
20481
57812
96443
57679
76433
83823
35414
19865
12926
20327
7669
39023
18852
48009
95580
80145
17455
21694
2215
56054
6198
31464
93381
15805
62922
75225
34923
18856
44868
88695
12521
4445
55406
54650
57990
4875
5278
23794
73131
60770
3029
23578
95714
46603
93584
80962
88871
1590
44178
20754
96723
94950
49362
44347
81645
11488
85653
85723
96167
24820
79633
80969
60895
59465
61559
6204
42971
92922
73899
95953
42770
81527
84309
17898
97540
64639
3548
39917
33551
72305
50243
23105
13624
51870
17084
17254
72704
24662
11915
23879
64348
2060
69371
15052
86942
50225
3551
9561
89265
26329
57721
1217
26880
18186
3983
60414
41122
68294
64078
76691
15947
79335
10892
78952
13082
94585
32228
52304
73060
50660
84611
6520
58696
89037
97570
33861
41611
23779
18582
8766
55730
22826
49837
8043
75821
26466
88933
8095
34918
42275
65576
86986
48707
35248
78132
53726
10510
72281
8185
19184
59513
98262
33420
71805
24383
30566
33463
6494
54789
95859
77001
38635
3211
73890
72153
91007
35010
61330
69838
26948
17647
83927
68424
69165
79195
63460
11918
65596
8485
82737
72171
64767
45326
73523
86257
59622
79552
61526
45431
46481
64953
65120
5621
73100
58373
29543
589
19913
6159
6339
4701
83099
34291
52123
8089
59343
43887
81156
58519
73539
46403
12718
11703
47243
53854
71635
88875
91535
49591
67905
18571
18147
36672
27473
94388
33025
66227
62599
27360
63027
24461
61292
88862
3888
74683
32677
42951
85100
34101
48672
58334
92294
45848
13196
83309
90140
57216
18544
72645
94017
73219
75447
8835
49901
8946
34511
95481
23311
94095
65765
78901
60926
55919
16097
67219
12168
89095
47778
24464
55047
24696
69534
48189
40267
65605
66272
65277
52564
24749
22496
23395
99596
64630
86371
24121
88234
42625
32138
99638
26647
8103
85568
42220
15024
12655
7758
53269
61539
72951
82403
7464
52588
86135
14189
21719
93966
10610
63562
2559
23037
811
96303
74980
87922
99959
90645
38863
2248
43911
96792
47688
58446
58785
28448
56426
74706
81889
61910
29182
48171
24152
72479
87676
12766
37652
24353
18825
47111
58005
58000
97082
28180
84227
653
49777
15005
60434
10385
7049
49798
31714
79707
47533
58066
53206
75097
52806
21508
4295
98102
71345
93633
89778
71509
60749
27040
37499
50136
58741
47535
3854
20423
76344
50495
95995
1544
81901
65563
16563
65103
89788
84191
62805
41808
33614
93758
77035
34332
97464
65407
99753
77945
87265
42965
42299
90926
88019
79489
82725
66221
50940
15238
10258
11404
28709
57806
22643
76793
19544
81063
22657
65416
14166
69800
86169
84764
56527
83251
57580
67935
16483
66336
22467
23614
49443
70202
28217
28331
68622
3213
59364
4256
16391
25518
66219
89611
77033
87396
24918
58104
48663
87585
6186
10662
16396
17879
79961
20063
86763
24372
24595
10077
44466
84194
71860
10412
38671
58250
43218
46223
20363
38177
55859
85004
66876
999
65910
78588
54391
17668
67165
75587
27545
92366
14956
52250
76325
46686
36408
9892
76851
14100
98671
46339
30947
63135
51675
59840
84641
96486
57959
7042
37274
79631
94201
14377
60269
86068
34775
24203
47293
93295
3028
27616
86406
58338
33429
98770
96943
15937
26667
91710
59117
60691
96212
64297
56762
24960
63895
91162
77252
76081
27677
26400
32535
99501
32920
56491
93081
19922
82370
66972
40168
63635
40438
10155
31444
57999
71801
47697
42956
45875
94060
5256
48771
86420
44207
10287
61162
82826
62533
21493
84147
43791
9706
7054
10415
47742
74572
38073
87826
85417
38661
13362
92011
96430
56996
20287
78463
33539
81454
36601
60268
53966
16496
96063
72549
45004
46468
35660
82238
34944
68431
5575
63629
16935
94170
78602
69681
64178
98806
64789
13229
90890
53273
60110
55709
79828
15074
55460
5186
59295
7928
7495
67228
6283
33712
85660
65251
90326
68751
5256
87462
38179
5629
4237
99805
254
90948
49137
74365
50590
74723
61117
64598
63088
37128
57088
60658
65302
72647
44943
12377
33012
22260
45284
5114
3969
9960
66474
69977
13105
93500
98508
84216
67587
64265
67551
96332
65129
4082
37672
92921
79266
17874
95386
75802
61403
10522
93012
18477
35694
97858
62791
92818
85298
92133
49980
65781
50146
91034
65796
56117
89193
5106
19838
74978
46444
74214
52896
64358
13233
5656
44895
9004
94842
13299
99763
78264
86519
19258
36013
14643
60053
2386
85570
98581
46944
86064
92326
60934
84678
21433
46317
1181
81308
24351
5539
55432
70380
1614
2986
35414
13902
11303
87531
84639
22831
337
63612
18756
19152
78177
91372
84177
77250
72883
10378
86386
9881
93988
93561
55616
16292
55419
40851
8040
82439
74025
95528
26293
58779
40630
18018
75819
23922
57167
27665
67015
63713
26203
59711
82027
81138
93540
16588
2
83021
33304
84699
74930
10626
22928
73331
57314
73399
21569
68459
95803
57482
65595
77210
92615
62910
51131
18254
79004
53522
3236
95432
9148
29104
88159
13429
64687
86904
34201
50793
22923
68934
6396
47501
5679
41658
65562
72756
4570
60651
17545
18647
99385
82321
27839
76915
71252
23451
40492
65566
97451
17790
95334
99758
72034
97152
62046
28175
32293
52419
68804
1169
33577
59691
10637
62037
93621
52936
63458
14658
42551
94442
99478
70791
79989
97673
61414
26018
54044
68578
85603
12572
69134
76976
98469
28123
36848
89404
50006
76154
67429
31911
61365
1420
50237
27638
97324
63830
59616
60592
54743
30102
75074
35260
60751
60235
54169
4383
44334
46950
15613
7504
21887
52004
54093
11696
87606
35130
23556
80370
46716
77635
19787
34562
76806
13503
23985
49452
24960
69612
64823
29662
72647
53031
75491
89274
47380
51348
3467
4912
2597
86612
68818
79487
56399
61140
87452
17826
38308
80768
47564
31424
71411
91237
67960
10618
93038
55452
27335
5208
26163
7550
99990
85161
81396
91047
16235
33702
17398
60255
50576
31755
68385
24471
56804
89262
39909
30174
22167
78158
18947
28029
46751
42170
57809
46699
32672
89990
66105
24230
91846
79115
84380
11504
41844
98018
21822
399
17294
68263
11049
43494
68282
60173
18713
47785
91172
62766
59011
9199
67468
1994
84056
57301
71368
54167
99725
74189
46341
21106
56168
16465
26174
29852
70367
16666
13044
96552
67618
44636
87148
20602
32126
13382
52914
67011
10376
16568
74826
41242
44881
88823
77967
23870
59244
46725
74979
54349
73951
74842
7102
21782
871
8392
89484
58978
85645
63789
72707
61719
37780
43137
92396
37049
86567
29895
11201
12327
59113
57238
44042
32285
97172
38791
71560
31316
41522
6065
63681
4661
58366
43414
50731
31066
38035
20675
79373
78932
77484
78712
96306
15136
67070
21696
39136
11976
1771
18268
31966
7834
62174
95628
98867
58499
36858
72137
10292
23258
5994
83261
6103
3769
91800
60936
87957
52663
47642
27485
76662
83913
69376
33975
29142
31025
21695
66626
94265
49017
47475
84644
77607
20731
4701
88153
62410
78873
3072
23933
32974
31596
1583
81257
95796
74646
26747
2622
56714
29909
55716
75034
15569
39596
58323
55385
33885
95193
73561
43846
2450
48667
90463
88772
60778
34579
73379
49678
49779
93603
77977
58038
88857
75941
97554
86766
89352
12058
60108
98663
8465
25794
95794
51865
98769
84105
16333
53236
23807
78885
28871
2009
91967
93493
48156
16235
32278
40838
93028
78364
61621
97209
53874
14601
77958
15762
73927
78310
73841
69813
22055
62279
54127
71342
24711
34316
77627
6690
14169
68533
62582
72100
39318
54711
59775
95225
81995
86420
46176
31048
71409
29361
42013
70982
15496
69755
61357
16887
66139
3356
60738
29622
970
70587
42225
82961
7380
22491
95189
8206
62764
90331
52084
78269
52292
34295
22809
26638
65089
80882
54347
15722
63150
7931
59089
14108
49671
88840
98267
8254
31987
58472
57003
97829
62420
7104
75931
72936
32485
34959
27069
86373
15571
99925
92703
83777
79953
41038
54225
95192
5360
34467
71608
31248
25912
39117
32366
61259
45373
45384
95741
31230
69217
38059
84693
21083
72088
58337
71580
97059
9551
11873
97518
61498
4829
90801
9629
67462
93864
58252
37026
92034
53034
26580
89132
95471
65904
36146
87294
46449
53722
61215
73340
745
6424
19895
65861
64912
78819
51792
22803
80314
79449
79766
40027
77863
61264
38905
89046
55865
60910
93288
8001
18293
54837
73973
8499
79503
73446
97364
40244
60003
80237
26093
39216
63794
2186
47923
98541
16204
18959
46177
72357
12137
4192
84442
87511
21163
11237
11789
38011
80844
55204
74623
44897
64975
25579
67324
77299
67429
67590
3343
62979
58044
79950
20690
9726
34252
60290
17929
68193
24880
29791
74460
99566
61027
69574
1644
24378
2500
7758
72782
31145
6868
55820
71846
39437
98944
54841
65698
88804
66458
30298
63492
53370
8035
81145
93984
92523
39653
8586
24934
13103
20504
81720
76281
89715
92403
16969
21325
90380
47654
23189
91957
49720
83158
71422
98533
17057
22002
27469
97046
69375
73666
76176
23869
68579
80573
8633
5491
42328
2797
4549
83929
26683
75572
85274
82993
11333
39049
6363
13353
96666
39495
91362
92355
37472
52591
50521
70467
78794
22356
58285
91136
484
66052
58118
22234
24885
7820
69774
42145
6022
70491
57541
68822
77063
77554
32366
78567
13787
89770
69144
7039
92006
67207
77612
18446
30941
39074
11956
32359
59469
23270
58081
31474
44385
20994
95244
62113
60252
71327
80468
14886
91568
33036
15463
47041
48054
64120
34847
28253
38772
58181
4931
83484
33226
68263
42817
86081
93911
86231
20392
43362
615
70108
26089
96112
20184
68550
52481
10080
28616
94262
17661
16164
4088
71141
73860
84388
38285
39662
89367
56084
22312
55667
66035
69307
26180
99769
4101
11540
43135
85320
31462
40441
79005
98849
70157
9892
64712
73990
97985
12180
88380
19643
66094
35056
12923
3638
30901
20484
75598
17786
97736
320
37478
92630
7832
47476
16019
71749
46894
68633
91119
88355
23713
93351
63614
1119
238
77349
13882
85074
24566
19280
57895
17029
91502
95654
67723
74514
38466
59446
65815
63575
200
70631
26358
52978
3184
76229
66148
76671
57559
47003
5369
67497
13157
76157
63023
67940
47939
45633
43129
17993
82558
23171
97354
6447
748
47803
75579
40425
96447
22352
79565
52438
92859
49363
94647
85174
25930
23049
58486
36753
9689
22691
32363
72583
5754
3457
49511
62888
54183
22096
40708
40984
91851
60493
90477
5326
1811
33364
7944
43696
9676
72410
86375
81663
67004
24505
76458
75058
48779
76751
56143
77192
13680
20513
98482
87943
28794
97233
94844
32927
87007
20904
33181
7845
17889
92354
85839
27657
96828
49727
35211
15235
53535
7113
92374
70153
45349
76444
20026
83661
69473
19896
46570
18219
26086
67178
16441
16832
2653
53850
87613
87585
52361
28292
53026
51881
72632
90179
23201
96816
25759
91056
65583
72356
40653
50891
53194
77348
83414
45375
44563
99683
91098
95914
59332
63081
43104
42396
66950
49517
78319
60738
54124
86832
3977
49413
82910
79369
44074
9773
99606
36023
5284
47371
60421
91254
12797
82283
91554
3338
65995
56040
45491
73799
83142
97704
86749
93126
69789
9188
86086
48960
10138
24088
54710
72854
51948
60142
13234
47493
40423
55026
4407
73379
81836
51169
48242
81610
94622
59600
66101
99438
49103
30338
45243
66604
68758
67347
25841
7504
33064
47300
72555
1940
98609
70519
94012
35707
41044
94537
30768
47704
34546
64244
82877
2354
48286
63344
22993
70919
85343
16338
29800
32212
67765
51018
50460
38821
25098
94143
43043
64389
5170
83570
37343
29162
7266
39060
95407
87869
98857
5893
60138
41198
22367
23507
15546
12580
22096
81878
82819
76361
12899
67197
39211
40332
84285
16235
37666
32948
66142
30865
47071
67660
48918
57073
28641
41939
47096
69060
52318
40718
50366
62254
48170
56874
28318
58597
89185
55478
29261
87461
23116
26537
52134
18499
24686
34703
33003
61642
91849
24464
57737
72818
51563
81417
9775
69052
6005
59278
92841
6021
23156
48540
91087
18090
242
71217
51722
96801
39701
89157
88034
53105
10466
58947
6546
79950
62897
31348
42402
29485
6721
40638
14032
7673
85226
87992
97961
32057
5255
97349
82325
93882
85359
68602
13557
34041
74542
84177
80531
54589
73265
2990
79270
53364
57268
98240
9474
22442
89189
26527
86005
70854
14522
78883
66680
2468
32788
22174
41942
23519
58521
78029
19837
60049
55544
14097
86027
62218
58880
30317
36149
11541
33934
13210
444
76846
86646
45640
36085
30222
50058
31213
40909
87
97142
43418
32776
644
31908
2567
30249
19824
13239
75365
14238
8675
94467
45935
20447
29102
54309
90581
92065
87255
25631
36867
87041
35387
76666
66654
78964
39249
61718
27170
4948
73689
68747
40438
88543
36139
51997
37583
72290
32297
58362
65487
47947
11305
83533
60382
4300
93627
3593
19185
47851
92460
72989
4683
66677
97498
35346
27154
63281
52308
36682
23548
4784
85966
425
60318
32449
95386
76524
6369
43946
62928
13595
86178
82740
13602
49576
66072
62018
17912
31734
74156
47973
96383
8694
640
67733
60005
5709
66695
36472
89381
77377
93310
80387
17437
41637
36908
55056
62382
19740
62330
14232
51176
67533
69539
60927
53662
9070
98085
98540
58905
36420
28683
97093
14099
21760
25168
9584
21424
98730
55844
29272
36165
4072
95948
59606
80946
93615
6784
4423
359
52445
39125
69922
16923
32585
78201
49205
16943
67614
45859
18614
52092
70805
17218
27449
69195
87283
43311
4016
20770
61344
23841
49561
61880
47203
41447
40085
26622
78637
29177
16870
12941
60824
76767
59064
52363
66029
56876
91034
87634
22030
53655
79726
79770
6507
34610
72940
492
92856
47515
8172
35475
52101
87839
51448
93363
41563
53050
26242
90661
40065
32298
17582
69962
75256
99765
46319
59851
81248
96854
967
9173
18248
96901
81044
71755
48897
49690
48040
81690
67430
2746
81984
72918
25681
22207
649
1980
48424
65158
56448
84043
3574
74446
42555
75026
81835
16715
76910
32179
19975
66106
81377
4379
85781
2988
35884
34416
68848
70632
69903
48788
89070
98534
35480
11881
25599
90551
45575
23937
57607
46081
77351
31243
77831
70936
8170
40354
77588
46624
84012
17717
1896
74493
23706
56318
17511
88679
42852
19890
51023
76237
36854
65682
93145
72051
9468
80211
36592
19379
54636
10297
4395
80532
57918
50772
40141
89588
97608
70620
42115
31297
76451
4105
76063
39252
86388
65296
80906
95248
77060
39555
88823
76705
97058
34020
70406
7696
56767
95147
68070
16421
16751
16437
43861
17684
84829
77323
58009
30865
32661
91187
47511
87214
55159
87639
56478
95937
66710
60807
64113
38800
38973
71263
16551
76752
11784
57739
96596
47525
61531
28830
27307
55670
35
30027
49718
34477
83160
90632
35095
76495
24469
18610
13962
3858
75552
49928
55915
98342
75319
84613
80405
72125
80818
95498
23884
39586
11935
74824
87242
65862
88026
90036
94491
38444
37817
16143
89851
57192
33061
58571
74652
50878
64007
15192
30002
39188
78607
79064
66301
16736
11447
29651
41535
49890
62645
47459
53199
27642
837
88042
69205
68753
41574
67902
41185
36445
74795
21697
99031
49178
41636
88644
41792
98155
11478
99084
6360
95076
37773
53502
76892
33636
63184
83282
69663
42508
37657
57656
95260
72077
70888
36647
89427
33360
75866
62299
18514
31739
48417
36828
33999
32344
69288
1937
94018
99727
5030
42671
77690
9455
94753
24887
75920
6677
99808
48596
56138
89049
38772
68482
94415
65363
57462
38207
94565
66655
56314
34478
14221
40688
53802
19076
85856
99763
87738
32639
18174
83035
99266
20438
17303
76885
87239
34107
57378
2980
63539
13249
69677
69964
62385
31116
78501
78518
27521
24860
35824
18573
56821
13019
15250
12962
61118
99480
15990
68017
13224
81100
70563
87135
95615
49269
25638
12013
51653
45386
27626
88335
69083
89848
80933
71611
97189
77725
53352
98826
47228
8125
70196
92385
61001
92617
8226
18409
83907
22907
41284
46888
36056
7056
73714
55327
74247
83927
26779
29271
59520
97122
78860
25917
98729
4830
70660
15491
50588
78222
834
49390
89435
2997
31449
22750
82011
8413
30941
46366
58461
95374
38404
75067
3623
99628
72671
58903
7138
23563
95205
22315
62076
11518
75878
13119
52657
73834
62285
56547
8380
87431
42471
55544
72332
57980
56930
9366
36485
20280
86697
13985
89187
3870
10643
67482
81836
28702
74310
82366
47932
55968
62901
50532
98982
3586
47736
38218
2547
88403
50420
58569
11717
75951
18699
42457
67691
69940
46647
24830
20760
99317
40332
22593
72449
63729
45706
1005
78133
12272
75529
59956
10929
19365
82087
45247
34992
17933
42879
30427
19557
9901
49861
96047
27531
29667
49703
48455
51910
13025
98349
61931
97448
51478
308
6399
15266
96253
61625
21436
36777
15670
10298
3347
16550
98664
17348
71385
45129
73772
43202
52244
61903
73053
36583
47844
54590
90334
68470
2646
97871
63020
63995
1048
96570
59729
40190
99427
50058
30732
40007
73811
39791
38582
70018
3430
63989
35124
68991
10512
29198
63474
21176
40430
87568
85519
96059
36089
96063
32419
13048
59625
70666
44558
22449
9749
91840
33590
17434
12066
41122
42293
14244
78719
37454
90532
52536
56836
38583
65680
31506
16204
22985
91239
61662
28077
96110
4370
10267
8831
73540
54347
21762
75048
68083
43
88365
71008
30008
56074
27972
79148
18625
93794
20243
1568
56875
7374
62746
64168
66130
39126
80350
3805
49891
58819
54039
68589
4370
63599
2331
70904
30180
19858
99032
83054
17998
469
33921
62961
47444
41029
81845
41547
3587
37437
36952
91173
57540
60942
99817
38683
42381
46706
23231
78531
54577
26241
43285
64496
6098
91781
27034
43709
14004
81439
25743
78017
63750
4783
28794
26555
76672
8797
4729
89007
18194
19301
84627
95245
43709
24616
53911
1747
49804
26608
46171
89031
77932
28881
14972
28169
89326
15221
12658
20672
62702
47017
45915
16500
4476
60687
42705
54369
65876
11582
66239
69963
93853
65945
61271
86681
8949
94152
64632
16049
84012
95408
51022
55579
10143
33210
96738
59364
62482
30612
47811
61945
50489
27723
25889
82203
29087
89808
93912
99288
21596
30302
44754
49297
34551
56298
71591
59639
36930
20940
17492
34183
53994
14903
85875
57407
40139
50857
77548
90197
4826
10748
67474
43866
88430
26434
6070
1674
57013
27392
36336
74225
12804
84911
74268
68117
70462
52719
8300
42448
73985
91489
13605
13102
76777
98007
42535
11319
90043
16953
77096
71688
63407
37595
22808
63158
72291
71605
82646
71647
78333
86343
72754
84493
34184
47687
52611
56200
61965
49635
35945
20274
73535
84283
4856
59182
46073
10241
27264
97210
50177
66452
19190
88066
82177
95390
86423
70652
58825
71457
71333
86240
6786
38331
40385
61096
97001
11950
38980
77065
38141
14409
46339
93167
6765
54063
93196
51918
56594
99644
8953
89670
26317
53276
328
44034
85763
38176
79283
61735
60832
80709
42428
25621
84721
65212
24764
50516
62846
72966
20186
64386
85637
54224
22408
73256
85125
19990
3361
7237
50467
25467
71372
40200
32216
87499
20690
73892
10854
72696
47484
26238
15207
3176
69179
17974
17259
82371
69659
60458
12022
35455
44179
28046
22779
51742
22629
4815
15293
44648
23879
35269
16999
32684
55039
83367
96087
87200
56221
66555
63287
79305
93363
99421
54510
7144
82153
94095
74276
66280
73797
29991
5433
48437
16560
8348
24295
35896
86322
61956
80530
40325
30426
86269
55858
73596
5562
65154
40918
34704
10863
53765
55452
52
10509
27269
77230
46285
22614
62196
52504
66648
50045
51112
36344
68727
2805
95493
11426
70463
17647
24179
31575
4267
30767
66434
59264
76439
79391
10380
20171
25397
94807
67022
54044
58195
48682
96629
54609
99482
30754
75858
77053
21776
34324
57593
52913
65741
56686
94513
2815
45957
71850
14695
10228
31580
31617
72475
33002
64574
42915
46096
15202
4147
95811
47921
48268
1616
5100
78600
96529
24489
96302
92995
93588
76557
73384
73125
12510
21086
40541
36353
97572
49457
6622
20973
77087
7135
24812
84309
73991
29257
33822
75484
26652
82694
57349
27407
59107
92086
73544
61741
1564
88707
41032
69866
93078
35824
50791
87804
48538
48355
52591
49922
34236
60634
92055
22647
82735
43977
71388
69004
57276
91316
76546
82692
77507
15941
80837
41790
8971
12278
70992
10270
70811
73787
30590
49917
86007
79834
73990
68247
16688
5540
22400
49161
60038
79214
97803
93421
27695
69803
21711
42603
53700
70807
8551
15435
47239
151
28973
2944
73383
1603
88162
4256
12225
86850
40363
14014
12437
74444
83138
82107
49670
23174
46561
33490
64734
4224
19405
44472
54195
73121
33875
97239
27312
82839
84989
73072
93054
52097
5124
76267
86256
25798
64709
33130
48256
1607
26035
47084
64290
11674
27238
47829
17522
48065
75726
93542
61560
34399
97198
79597
51664
48858
67850
63584
2926
98582
48010
97853
70972
90129
99203
40379
49625
62423
23561
63018
8835
24089
82586
89515
45626
95793
47644
96495
43011
86565
1935
38745
44699
72019
61700
64416
33521
62343
40740
74620
44138
24766
38492
77155
32774
11244
69362
91061
75149
76772
51801
74400
30644
81438
25348
44796
26255
76995
17797
98120
27647
80967
95741
61445
91712
94455
43711
29469
27272
83284
41437
21355
69019
3662
25725
24277
45021
12137
68782
36623
14970
18075
90918
83893
37776
67849
59229
21978
45569
16792
32527
80901
68827
62431
37779
98992
98655
91367
3592
96862
94530
48761
66037
94070
30694
93670
70748
10647
5240
5644
21095
42108
96240
23442
74764
74862
25435
20338
66825
76835
48743
13839
64364
30517
66756
76910
5562
43670
48385
5841
18077
41040
43414
87919
44672
56491
84908
59203
94434
87634
28709
988
30455
93383
93155
39707
73278
85179
32370
20114
73457
62152
92766
5525
74815
76646
4988
62127
12648
35413
38695
65115
16224
4772
37123
62899
81261
26543
15239
47641
37422
89823
27115
67622
75305
56032
24801
89811
79404
7359
92563
9428
44275
24759
56304
64451
19822
24113
97211
73153
80254
38975
43408
52846
4859
53242
91961
74074
80999
21312
48124
77418
95364
879
3292
55277
20442
79468
77356
65592
36682
25536
6158
29012
36072
92691
85775
51337
67582
12818
49175
85750
7447
61430
29338
34200
33529
62752
68360
85017
99626
62464
19092
83020
86800
16740
54754
67363
38202
21107
66701
80555
18019
30080
24387
44527
36842
96307
72316
86686
93706
93917
70128
55683
36475
1150
6794
60303
26729
8348
11286
37987
86872
55489
2727
21456
59536
18051
55476
80860
52986
1245
45537
41974
488
74015
89910
35828
99032
84522
42869
69691
83877
66275
17779
34325
22992
15262
37753
59749
44054
47832
15174
23561
97635
43785
77993
60254
42921
18312
66584
83344
61176
11400
53580
73012
83751
83933
92007
57051
53693
75467
19040
81540
45660
36762
33707
67912
46058
4911
73127
82750
26337
13585
8945
45982
22858
29362
83349
53787
65150
58184
45130
91489
58343
37236
36170
43738
95287
24589
60838
62629
40433
69757
95079
83964
92363
65101
40913
28706
21804
83716
66294
5726
21808
508
21485
5482
4253
10180
24875
15208
49579
60925
80652
53563
51316
49252
1942
64361
26543
16118
44172
54059
89907
79022
30735
89371
14620
39324
82300
85994
55137
12076
72948
10291
81638
5971
73949
58988
31143
90603
99425
38732
59454
67180
14369
69887
44749
44728
51802
38936
15885
51134
8255
91283
28077
19514
93016
59223
68452
95265
95661
33880
69847
71039
54668
28335
84290
50387
38039
67345
63812
44188
8262
14235
76442
76366
54605
73471
50591
92577
87724
15221
81838
30315
15696
39929
88080
79295
20327
58053
77652
15904
40401
7545
56888
84853
65040
33258
95873
98144
66060
16620
76429
76064
81619
87595
73769
57885
38352
54366
89791
15593
16195
25982
62462
81078
84867
28386
91960
65688
65313
30273
1621
96586
82011
39246
9061
99169
12094
30165
27461
11513
98790
44340
81076
36258
10992
41060
53022
92909
32524
24716
51342
59467
10162
56356
18054
2146
88553
93642
57599
10403
37045
59211
96906
13860
83313
42472
39076
56755
76635
80387
91123
70171
92990
38092
16612
80584
41793
89376
4295
90662
61333
14164
92403
84770
54446
49531
36900
8359
70587
86752
48451
39764
89569
82629
39512
54814
36075
59539
44134
26547
14154
31656
25810
13878
60185
49530
61914
17361
14303
45366
29049
25108
76218
63585
78934
4934
69670
99485
70463
77899
72980
92239
29519
51207
14849
72464
95814
13928
75999
50634
17301
17217
76981
79474
55898
28666
98027
80816
13090
8655
97245
53872
53994
32638
64939
39714
59248
80460
62227
65547
56663
81130
37513
35531
46810
15608
34864
15689
81541
85009
83058
52016
10617
27223
45648
2359
91682
4531
83283
83187
54723
30118
6390
20916
31212
37468
65170
96364
90376
3233
7753
47014
49923
45821
47282
18351
75668
75011
6517
31743
40989
22468
68313
20322
31074
86223
42684
70181
84524
43270
81697
12472
71011
534
13156
44112
51731
96412
78953
5024
28846
67150
11767
29490
5801
36160
20874
90921
17434
6355
37979
90013
25482
61613
13208
13834
51575
56400
71284
87354
66129
33360
13866
66663
1943
6546
52661
18219
96714
12406
88280
90399
41821
77481
83576
62339
75224
97461
45952
46246
21823
84378
71938
13774
80618
59043
98214
30364
72613
91557
82581
88656
86500
50242
9792
19822
58167
35357
36133
65907
39554
87102
23538
58159
19195
68252
43775
32233
60341
14313
65024
44363
38336
68788
64064
24282
7843
57311
58333
84669
76527
19857
8663
4093
60158
24358
4316
29147
38073
7809
51554
92487
10698
77707
91004
38748
59513
74462
48393
66183
26117
10433
40895
70375
52195
34022
90195
74338
63292
28261
16914
21334
36900
8727
53640
47625
6477
22904
66538
17582
63495
60242
6447
52660
19492
28429
79380
61211
65000
62259
38451
93056
87733
37398
17733
48289
19066
94263
90540
25544
54343
32871
34146
82242
55498
7666
8881
37366
46639
40851
3045
3307
87222
75875
20111
6097
24219
15059
94336
14974
59309
17263
88823
98392
89308
10382
41045
34202
83785
62745
10707
35669
21037
367
39298
18096
66808
74470
435
82602
83470
30784
96302
63772
8
7427
47250
71411
64025
81890
40934
74801
1615
42573
59205
74082
81864
69034
76831
99848
25636
35407
95607
42630
77222
14172
74596
5896
27710
18852
21256
96907
44854
27727
35287
25965
19450
43735
48779
68470
45228
88368
54878
12054
50982
84299
76112
59442
12898
15710
94745
382
66742
53200
86888
50143
4784
80886
1370
98104
56773
71187
5272
99292
36515
85482
26657
37677
89594
26929
20777
23782
5778
98070
92123
83646
40237
71238
42203
57250
99016
90364
61131
15760
25594
59174
80717
57714
99768
29970
13828
48392
61345
36973
96517
69958
55537
41707
49759
14050
44809
17232
9138
95847
8742
7255
81788
74852
37224
36246
82653
54804
93379
54905
64641
24326
11709
84266
84393
55772
84837
97267
35024
76953
39784
57459
19018
46166
79700
38534
94067
92435
22619
87425
30292
69983
50059
76647
46705
81140
17623
80763
7950
31248
24784
30851
41685
65996
8878
23229
15497
31612
47025
27805
50123
67426
24226
36696
16832
5934
21757
39354
62728
33786
34662
18266
93836
89831
48920
67302
6353
72853
14757
74105
97034
54210
62341
13191
4393
75009
26718
63094
34938
46256
49828
50681
65008
19495
60739
59067
53680
66544
53117
77444
16842
5629
93859
85099
41040
76331
86375
73436
23003
56906
94981
22145
2697
96811
37717
33116
74539
24407
63689
31071
77405
6607
8487
2159
29633
30178
42646
91548
59105
96717
15788
29859
33992
14057
38149
67204
60048
51524
34894
3982
75337
96738
1801
80170
44386
94908
75102
79016
74161
90987
95242
95271
74256
8422
84644
39604
13720
89301
25683
91499
3475
46326
35684
63599
31500
68130
15591
23340
739
18581
98536
67834
91510
61816
68102
16410
95488
92294
61956
84626
3219
39446
69330
75510
19631
25110
96748
4897
97943
79097
61441
95134
51205
46667
36278
68032
48040
37910
84082
50518
84070
37367
66754
51066
81688
30260
86075
52155
32165
44311
36857
17336
13501
96297
20938
13649
82382
33816
54149
11237
36131
143
93737
35180
44104
33065
43417
89291
607
30034
94707
59711
47416
60783
22357
58965
15524
87340
11035
99441
11411
10254
90104
76873
11531
32791
26363
25569
25000
73200
52377
61861
7914
35675
58092
5830
39283
29904
11181
45378
73253
62810
98742
72404
85192
42402
63990
94812
38274
11757
3278
86238
8517
1957
8499
36332
7542
74549
90977
1827
38839
34020
68515
66361
85858
97395
63050
29909
15838
9920
93662
22308
48881
99449
98342
34920
66616
72535
14508
65145
71104
80421
1147
49790
26683
26333
21749
96928
3695
55653
35687
91916
97539
59073
89130
400
83882
52543
23289
59463
24765
51167
57516
50907
4165
12839
74742
62068
10027
60793
325
5746
81728
53635
74777
91750
63710
42229
89613
39980
48801
11940
81718
65528
8178
60398
97953
42159
33123
54661
87897
75186
73877
9415
10763
4082
40955
92821
60950
58141
61587
20111
62735
32556
31856
540
94210
52673
25408
4468
42599
36788
50361
45939
36770
40684
74688
8354
32226
71288
91020
93884
75376
67055
18542
36312
83009
3446
92579
54457
13051
98228
5433
84020
36489
39859
74933
96925
58906
77985
82216
14670
6633
71542
17747
29330
77903
15036
31665
74764
66898
47414
29630
9326
79296
60613
83157
99294
44140
25501
22158
47476
41321
42537
9275
93775
95539
38544
24992
92116
83487
70492
62519
75944
3625
80537
68880
33038
92600
12662
49920
96527
57502
64149
88180
73826
19321
80349
39858
93486
50500
21523
12792
25620
46557
56516
2250
22271
53
51193
1330
69702
30992
46824
24674
46583
61898
35516
61370
20815
61106
95876
53360
36854
82377
63254
50613
92069
79414
41881
6565
43299
50387
66459
70487
39934
42936
56011
98664
79859
19422
29304
31681
23608
88678
86601
36163
18456
39113
179
70011
44137
65737
2658
43387
12440
44951
1214
58218
96854
40737
82979
3021
56461
19451
81487
20536
17962
74463
90289
11304
97576
21297
83
8467
74894
72634
5363
15152
39493
29047
17962
50466
71045
23686
77987
50618
9799
13336
26923
23272
15462
84522
71916
34028
80260
96003
48507
80031
8204
63694
15110
5640
80128
26369
17646
77321
8801
94885
63009
13486
75993
52079
4695
88627
39759
94397
275
53116
50411
352
91223
51550
57007
1946
92570
43506
27600
50377
40710
82309
71257
10440
95093
3017
71361
54145
69319
20054
17473
71889
14196
3483
29924
14172
41041
4663
99266
1305
77637
40192
41592
27336
77355
37955
7113
1388
44150
47061
69239
58668
39386
56058
76506
62084
79410
92637
53597
26124
25142
55666
43271
64629
75098
39983
4675
19379
60428
78964
44588
25641
41459
81904
96908
71576
12671
71394
3811
8472
74641
12532
82071
98465
24755
62779
48902
91630
45096
2255
51175
25435
91607
59446
12505
57149
6668
71002
61345
53171
3839
36306
21909
13415
56196
61933
78749
46813
47886
94502
76393
70383
30298
27874
90242
97139
53575
86413
43599
34419
72934
38832
25277
34497
393
2572
96277
73026
78685
21054
39142
70700
89980
73636
17069
54377
64972
85475
67314
96857
2717
76241
27405
59042
55743
48289
80677
71222
82772
26322
78818
16905
21167
95485
35660
76067
58679
53285
18256
69746
27758
25803
86834
41431
4919
55681
54074
15744
1147
98007
7172
2622
3365
52009
765
6561
78533
4590
26061
78973
25111
79754
59985
45608
69803
61833
21266
46371
85579
14386
98313
644
27675
8122
95008
40578
61848
87411
34105
19664
79948
74695
94686
9116
20620
85991
95985
51541
6628
97730
61202
73242
71443
59817
6708
74014
48039
77081
11056
90868
70412
91965
63921
95502
93150
9587
59402
58715
38551
9875
55572
69077
91589
15674
28431
5530
65721
36349
80370
2120
67233
31565
1787
4682
4126
39164
81333
38126
74862
20517
27534
26926
56396
18117
52081
21259
95978
36378
95000
68537
50654
53596
35561
15590
33273
89262
23414
59880
24465
88171
79487
37461
15492
24048
456
17541
15021
44223
19600
368
53350
79608
62479
3395
43506
38216
11803
43197
82521
24432
535
56588
74878
99790
51856
28699
61997
99510
44669
49723
89211
23571
10704
70932
26156
59316
18106
84350
62872
67988
16396
19704
65139
34433
35430
70326
26670
16856
29435
3848
62336
23705
34939
30313
47856
89076
10454
54179
57787
67617
14493
44270
99892
69913
81638
53965
34906
93525
50303
73405
19307
18813
87518
12605
70546
18960
91273
66648
22697
941
78782
64930
77477
33068
20905
27216
1869
16526
33103
35813
26780
24361
54490
57213
50369
43287
3840
98728
1277
2300
27439
59163
98507
22826
13524
81190
25454
97433
91828
81003
38687
22902
61197
51908
6068
97705
25648
30733
62510
38696
58110
57420
41950
95146
61717
54556
9515
94123
52614
61279
46616
57141
81755
69788
4455
12758
1699
35927
66495
51446
49266
99735
71109
743
54363
1946
57149
77208
31931
27499
40154
94411
15297
37184
28586
33732
20811
87002
95188
77788
41058
27266
22429
29054
48170
22379
8841
32147
5345
68905
35025
41808
66027
36264
16433
73400
11126
1587
41388
78606
90372
99550
47092
95227
71521
73025
65908
81233
9014
22607
79148
40434
86965
90762
40252
60591
46207
49221
19208
94928
9515
4068
61877
40048
61450
2163
12060
49794
19611
52151
1330
28576
56687
38520
35839
77458
67055
84229
58158
41549
27342
79229
19589
33435
34889
1521
57058
96361
45497
53109
51951
54140
8551
98854
96907
49267
38380
12261
82941
80932
22380
40018
58312
29158
10641
55115
8376
27487
7810
32830
12057
52532
38875
51157
1484
49195
52263
59765
81903
15997
27769
17046
44132
10747
22719
2392
97517
83581
52568
30010
34283
39501
46398
66109
56406
16435
67564
8432
95320
87070
86
81725
9803
62055
87978
37268
49413
68362
7865
48498
73991
15143
7072
49803
43984
2514
85188
71728
63742
73995
87886
44904
33370
26865
58484
69282
41873
32235
52932
90216
20317
56686
65790
10015
59179
1162
59805
73299
45210
9471
47453
63514
50439
77107
44997
40649
99277
85008
92457
88072
82575
83300
87632
66260
79630
93449
47801
76545
63394
56736
74013
83322
96452
68433
49971
29749
74656
60409
96491
84208
18228
15582
51312
15309
39745
90334
94645
6591
16427
90027
69185
43272
55901
74519
78526
96879
13773
90846
69485
8335
84591
43910
1285
84980
36477
90896
40441
47092
27072
85731
50025
7904
20430
56040
71038
20912
33243
24337
71052
59721
5276
20190
44451
98084
50425
27219
40076
91776
56548
61456
10021
6492
55654
45780
52478
82484
45637
65853
72546
7764
41212
70008
57237
38238
47555
56457
30652
71946
9046
61036
87087
99001
58983
67372
27372
79672
79812
88132
60360
21837
74441
8542
14914
76365
13695
89687
5823
43590
61177
52771
7057
13199
23070
72535
27122
77654
34942
95703
47613
59882
40365
97405
15490
46491
60304
47061
13257
83508
72536
86726
4351
93710
57871
59371
26005
78438
12910
3429
99333
99892
95177
31677
72581
51789
69610
55445
20619
9534
55860
54090
33469
8930
80933
4809
72079
48278
2691
42466
36573
79312
63737
55451
97783
67116
2932
4342
2225
90604
58611
78319
21481
45991
2748
29226
5993
42515
3403
74891
38244
429
42813
88396
52909
67625
10897
44199
33145
72209
90349
66474
86902
6010
92873
97305
56140
91288
60489
22376
2920
64860
55958
98245
34024
8810
23993
49841
11628
93864
49553
88643
86480
12081
82275
79553
92717
4377
89780
60036
36693
40688
25880
26765
32243
11482
60218
4348
66244
42966
29875
91582
33793
78007
54965
10872
9212
72859
78943
95256
22315
45108
81924
97443
66145
60267
38571
56237
32592
87825
67840
90483
1712
17517
92071
26785
94019
47564
33255
73537
8261
79368
47454
42192
37524
15264
32404
61850
28306
48869
62209
78338
44491
55153
69841
7056
46619
94555
14027
99414
50879
58167
95603
70814
56232
53953
70420
58978
94811
85266
24979
75623
78528
96492
60406
58998
64337
30831
93154
4144
67300
52499
7333
83041
66596
18573
33604
50078
80705
95527
13381
56070
11068
86035
27165
24184
48735
76256
28493
31191
78802
86765
94497
58336
8023
94236
47504
4823
47537
24674
71333
8574
34278
1452
12487
98065
63690
42081
86922
77978
88488
33794
4832
61037
57737
75059
94774
3704
51400
87408
82637
62681
88031
42891
48960
76104
77279
64848
16895
26939
921
79553
39794
79403
5043
87864
49077
43988
99518
96253
78267
30829
18025
35909
28060
86333
98142
13021
5427
23583
57694
3046
57221
88428
1152
46287
44783
25878
68479
21932
82717
1561
16005
46012
12594
89901
18293
1102
41913
30021
74228
22309
87225
6045
67143
53335
16040
57644
60150
32282
93607
24262
28871
99309
25764
26019
39552
67908
69879
80916
98616
11152
2787
49318
52758
78164
82644
22755
43389
4040
84667
69136
56851
22837
2115
18078
66840
59197
10853
91981
61957
82322
64180
14608
6217
22036
91804
88937
13822
61820
70070
264
47819
66976
63544
48186
72828
42401
91217
966
49203
43648
587
31611
89199
1153
24740
10641
19479
82149
12195
73100
68126
18764
11979
16847
23624
57950
60972
50868
91738
63990
28610
24246
61019
82591
55148
14442
86555
68156
62061
8942
87344
24498
43204
8697
21203
15745
48504
37050
37777
27644
45400
80338
17121
7820
91726
87052
59684
43670
96279
42052
37595
32593
68902
74975
96852
5565
26083
92485
28476
95807
1589
71938
8009
69565
30024
99871
18588
83201
54792
2477
6825
91274
79200
42717
15466
99532
53306
72751
8371
34217
96713
96601
98105
69487
47793
78153
19744
43406
38565
94147
96013
16720
13386
13540
48079
58141
43069
4238
42423
67132
33749
68386
8171
39949
57623
832
87215
89227
86010
61286
95016
70724
10386
82792
68648
88953
89223
36028
80405
35015
1420
19102
14249
2013
32074
17020
41859
50771
30171
27887
25267
97864
52896
412
55246
28093
2111
83119
69671
20202
13733
96061
48018
57512
76242
52715
2780
8203
42690
91263
93954
53436
19887
92617
20264
42660
5810
54931
68249
78108
90106
4005
31403
61606
54053
20510
77469
33307
86547
63824
3658
23042
41910
48091
16439
39336
88276
34680
66108
13394
23580
43641
15252
89408
11245
38359
72172
7721
81587
37207
50032
47231
90955
29531
30047
86181
79940
43732
47077
35093
37098
21207
20362
21558
8071
37940
80036
51699
35152
46869
22821
5807
42020
39296
36407
4457
17185
98122
50977
44422
3639
99628
72336
65148
91414
23845
76059
44649
85693
54845
6902
22596
44831
21402
68005
79231
5667
24389
69707
59133
92504
43174
53536
16737
92325
22061
23659
41715
96065
56539
14447
8514
92392
30772
81206
68277
14362
91842
76856
28610
85549
25916
78993
75460
50323
36775
72037
29495
1514
7825
7481
17578
70377
34214
53886
33481
47398
9174
78087
93905
80818
52205
94201
93280
13765
54797
62660
29443
83879
98932
30039
90244
48208
49875
45347
90149
35088
52280
8097
46308
68067
99656
76447
55955
30213
45298
3129
64654
61639
62315
28575
25356
58220
82450
90640
68622
20032
85650
16803
74305
11564
52228
67554
40946
93229
6962
67909
43225
97053
23907
37091
54331
72811
48963
71581
34931
20404
2634
64576
10023
24720
87782
76385
15488
10381
15403
71748
36255
84355
23499
3086
78160
29150
11644
12118
88301
29085
79706
54642
1865
32137
63280
48614
57499
82485
89625
36533
77216
70641
35462
15057
69227
19589
5137
77048
57322
596
43109
60167
74933
18612
54102
69139
32343
81845
80800
17387
75492
42630
47176
97066
78239
81560
73702
29664
34970
20536
41140
98019
38826
57069
98091
4806
99325
27134
18211
24158
5659
84699
33278
40382
6693
16018
77519
85236
71256
34101
19467
45056
15129
31375
35058
89969
70561
13698
68365
17661
78652
71498
43235
35087
47713
65606
52200
40333
11528
11458
39125
26183
12259
82796
79367
37294
86048
38314
99581
24635
28522
9776
37427
48316
61736
47608
51218
6132
80679
49092
18730
39157
22748
51639
23087
40823
31896
9047
26381
73893
76002
62867
15969
72034
1923
3063
97251
40530
58918
53401
88290
66043
28004
98092
33573
9645
54327
16002
85996
42058
8328
56368
30702
15728
30672
7945
10775
6559
64208
16459
91391
95297
48076
72745
77478
37493
59142
78682
27149
37987
19513
14918
50713
76894
77441
47853
34763
29327
93980
84765
81235
2857
21986
46797
58144
89838
13150
75638
58185
64379
11710
27314
11101
47306
60688
25516
28827
93722
31105
44626
98432
74726
15403
72871
98675
28630
21022
91514
17396
66382
91185
98076
78382
56038
16920
30906
10931
98595
7140
1167
10985
94493
21068
11766
88328
40226
31789
53529
25436
31539
30775
98035
98879
16090
35673
50292
1580
3269
96641
71857
72466
47650
66333
74470
15817
56068
54061
89269
23652
24411
83593
92352
8546
43277
25210
72800
16124
81967
79231
98905
3351
2816
43075
3788
52659
67905
73833
33077
93981
33574
43090
10465
65077
62501
42048
28319
46200
7168
26452
85933
87719
82190
2650
94055
49486
25088
44463
93478
36825
70050
18597
7307
64764
88557
52231
90207
5359
59248
52145
95789
71417
27673
82683
6465
12316
50985
60059
30463
11827
27896
34014
48433
21787
69882
4344
35341
91719
42270
95991
47579
76744
24822
65239
9134
41947
29405
63886
46695
59949
91346
29988
54215
5294
512
91238
68735
92006
84143
15145
1398
63159
78205
20965
73535
60210
28156
47290
84017
2961
73097
8464
10688
95894
20981
20443
94239
50974
82559
50871
68215
19604
65480
81934
26919
98927
26046
63789
8061
38908
21519
37632
62149
84485
62699
16799
57399
49942
3069
74895
49299
99429
73562
74695
86224
79816
62909
54682
23864
40973
60512
87660
75843
40320
8909
3817
32492
19774
55584
21338
19289
76464
94744
86125
93164
39262
18809
99231
75833
70022
19801
34195
21200
7337
32995
95573
37489
97256
14994
99521
44379
86394
59274
16604
24779
15209
59727
75324
44720
86424
99013
7903
21508
54494
94298
21340
61266
66052
82494
9292
7147
21557
88484
35584
77671
55170
36576
41139
85242
28611
38
95414
47341
21523
65019
25241
73136
69860
10806
58175
21745
55814
46891
70492
26209
15615
66181
9460
94049
74329
62562
87370
39507
30937
68567
56447
40960
63947
99327
9335
7246
95644
12226
86128
40948
68105
64742
56865
99974
26809
31443
49577
82701
90189
61322
14838
99993
19895
80995
93587
3805
75677
50301
5019
64986
20558
67510
30374
21833
68836
40109
7080
43112
87552
56218
55636
8944
28787
57689
5171
29161
26120
95780
61052
18977
89244
39580
49239
35596
10200
28977
58637
78767
64691
22860
82827
79574
50850
17695
62590
33003
84996
41967
54372
49124
95783
49739
59709
66947
55175
66249
55126
83807
57849
10467
37644
50961
88756
49542
10378
329
19299
40289
68393
25366
7984
4474
95016
9467
58772
66463
22743
79789
59395
73671
41553
1265
54172
2958
33902
66983
64791
36083
21365
11441
57561
89858
15244
43394
7425
75018
95054
98438
33873
50471
21955
32329
84971
41310
94459
42714
40061
65738
58848
12331
85696
55640
72006
25707
26959
56090
62227
56996
10899
90520
10982
80065
1316
53288
50395
79644
50171
15656
92645
5646
99864
90027
54697
53330
69512
7353
34125
77451
53873
56960
43468
91410
75497
58530
90929
30907
24754
69625
36738
32231
8897
1468
64411
84473
37581
37519
81103
35032
10933
31524
79648
10504
16193
4703
25985
6273
38626
69271
37820
80171
3665
43633
13413
11625
16847
31698
14788
75024
35494
86971
69261
20859
56048
91862
78348
40484
50294
45259
26030
26917
20550
99716
32134
63208
83875
37693
64691
67463
79962
74965
78372
61409
8331
25151
94399
28509
21190
95771
90978
79939
15469
49766
32537
84227
91083
54155
13166
77544
86555
50119
6166
43092
2788
10628
8836
72734
62065
3441
11198
15662
62311
46413
88786
90892
43166
73189
34040
72335
62351
61801
12483
41350
31498
76395
64911
94310
43034
64038
45769
98943
88535
6915
32256
61948
49543
32444
51078
27510
47135
92860
7798
12467
78547
75373
4644
69613
27986
88552
26175
25164
93902
40002
89037
1798
73860
45085
17248
1883
9624
56869
79246
4206
41119
18805
7460
37897
81779
29532
77586
11805
36555
13943
47740
97024
80381
47019
44115
31693
46204
85858
66334
17045
67438
54539
93337
52018
8244
74130
5122
4160
36409
99303
41184
74176
52106
84078
83852
45864
98751
43686
29646
86611
8280
99340
13853
40928
90077
88164
87402
79268
24823
23812
95322
76091
82383
39353
24465
57312
9868
68967
88677
48764
89771
95794
79262
18700
72538
62948
79523
64474
91365
23598
92969
75767
25663
59871
36392
71305
13240
6014
47085
64275
91336
84740
46611
48685
753
18530
72515
70311
5930
69495
19800
79547
85785
5479
77624
59067
50928
79522
44150
15781
28826
39154
88082
25360
74215
7584
55529
4988
79397
76350
21799
6850
6479
8655
83241
36730
36018
48817
950
70536
55098
74413
895
81205
65849
64660
75447
8853
29373
98171
38407
69508
19684
5242
42239
49382
35773
16317
3113
56255
5581
32657
71264
2727
12289
28527
60323
50870
10011
49698
31252
68874
60043
90466
26131
22395
72417
13621
251
5130
10336
13181
53248
73900
70738
6458
40991
98951
1332
35437
89965
16088
41173
20942
702
21047
94176
17421
31441
50796
78807
81756
32931
96045
12013
74052
10794
37927
72475
47930
68129
52097
84170
15703
96362
33731
76880
27380
82635
18805
24500
23403
8274
35455
5527
1275
46090
28934
32238
26860
98851
96833
95132
79130
48612
56266
24821
10908
35036
27307
74900
30881
63120
21419
79989
63452
92027
315
63063
90296
69441
4103
91719
23449
55301
95870
41859
84016
89304
43886
46692
30719
25327
78825
78048
15923
81811
35765
997
27255
69228
13260
64267
24743
63085
97202
11715
71607
80994
36847
74352
6560
50196
19730
52122
88875
67535
47997
1576
13743
18054
78823
65388
12115
88301
10987
95018
85165
86322
36035
12544
35289
34575
93050
89188
14690
8485
84400
568
52471
45353
89366
82732
87172
55128
24469
20856
5798
98374
17291
84280
87690
86405
69772
74186
31255
82816
99440
26681
89609
18818
46119
40423
15366
33026
54308
84252
39736
4342
11755
92130
47599
35380
65202
95321
55094
78526
69681
76253
85827
2383
74166
90610
10143
63670
14336
91987
5450
70275
99112
74197
74967
48445
67525
95509
65507
47048
98932
16418
60369
63852
49800
36447
94552
50499
77180
12427
79600
49528
91627
86891
80205
52578
80886
57581
92222
44609
30197
62339
6895
67672
80044
10316
28482
3677
69948
17680
76910
28432
64617
34949
42203
41612
71655
12357
93323
8223
61693
69456
31471
57422
65157
89948
99182
52441
51901
98129
5621
39241
67759
52966
59077
1944
9255
683
34829
81503
77136
7267
29901
2179
13277
86171
88671
35741
45686
27795
11845
21496
40658
98874
49104
95189
82372
73772
95358
37233
96557
95150
26303
51760
86912
99410
36845
35647
9645
70671
96181
16186
15613
78186
55112
16687
18751
6908
90395
26856
91597
7989
3576
59549
72018
79524
13085
2266
27726
55963
29
34991
46359
36857
61429
77434
683
9968
24941
9034
16190
84124
20967
50609
70804
56492
16894
89776
67171
96379
23837
17108
89459
2554
86494
42916
35595
91301
39878
98135
92521
492
12300
61808
62168
24848
34974
63774
77560
22745
33535
91600
23112
61960
53068
83355
22794
79951
51917
57797
2666
97573
73240
22429
8531
92938
90061
51655
8101
23356
48169
77635
92995
77359
98688
93485
63426
63773
59045
92741
78192
28010
87668
35821
81711
67326
46714
47382
31576
61653
39022
58200
78363
59552
86371
98545
59598
30572
94114
60300
1353
58212
17162
23508
73248
24520
36742
40785
46577
88652
35489
8241
34406
17471
43013
40248
3206
71581
80103
69526
88085
10137
25632
6750
14200
18587
87284
17235
4979
53923
99368
39573
59200
55263
12127
53178
75374
61407
45312
83447
35393
66436
91133
43317
45842
79004
75777
36062
27126
74714
13409
50841
92090
26392
89316
85237
42918
43152
65516
33343
65676
91796
42512
48328
70299
46143
41720
2179
77507
81377
59528
28588
24565
53216
2579
16410
94049
79659
35340
62665
28086
34001
49325
57355
28264
81723
31029
66800
27056
51328
35494
74603
16283
78202
54700
56438
72488
5508
99712
78050
51824
28186
13320
95011
1189
65804
32932
97965
8833
37099
4186
1976
60460
66533
13973
29723
74211
15220
14690
28788
41699
63482
52045
15838
20062
62954
94795
85901
83637
63454
10479
38228
11435
22845
32164
70246
66600
73566
85903
46519
56325
45144
32571
60194
75758
50598
18950
84728
63858
11240
35747
43194
75359
44030
57622
75683
57691
43819
94486
45488
64939
81772
44281
53192
53284
17690
50211
76339
22783
98174
22773
37519
1522
324
49432
15153
10586
20555
58107
24405
29042
28375
75969
34777
66047
23847
70995
69289
16818
35928
14132
57563
15317
54042
99208
75142
52521
32927
36462
39197
25974
47752
1791
11798
68994
28604
3972
73460
62894
95080
79326
10132
10990
72425
72026
82140
80443
45976
34974
34712
86784
91221
98862
87362
41451
97974
95042
75282
24713
84961
90400
49509
71333
20395
64734
63025
9768
58558
53476
99903
88204
18357
55949
78295
41384
50543
43731
33278
62843
54601
93406
88547
93817
83720
1872
1259
83654
88189
59833
4982
1538
38567
94605
88675
21314
79362
53303
78850
26028
24840
99071
29361
37052
16605
95714
84223
69845
6235
47261
30506
56415
26079
78451
44950
14374
72827
52398
94096
89466
67045
39726
83567
54443
36931
98788
4426
62696
2872
63740
76425
71821
49269
99336
8336
8395
30233
44248
38683
1749
44308
97284
65490
29443
60167
98906
63085
25621
97544
24556
64962
72373
87866
51833
67140
89490
23192
37709
7346
93838
8088
56913
67248
59482
79578
63711
2840
49387
61497
4226
88441
57287
20758
90496
16628
60459
56881
18634
79954
87196
26905
65382
31150
52739
97713
78377
43471
25032
89766
50146
30537
51442
36468
96295
29916
50930
72804
3330
4627
31886
63300
79915
85321
37937
43203
4997
48051
2527
6194
75687
75883
19845
48418
80368
51399
5370
62322
40709
15436
43669
10429
32853
27438
78477
26707
68118
68970
82080
3247
18233
63026
46504
22227
52274
83488
13695
96072
53397
71303
71722
41373
87773
60171
76586
87158
89012
19809
16476
43025
41766
54097
77726
58593
66715
34582
59563
10233
85443
57274
45946
36011
75682
69622
20921
94034
95230
48939
74668
31097
4736
46215
15260
38915
82564
23779
78453
59492
41458
58942
9734
69394
24852
98476
44627
71049
21912
73553
68910
44408
37945
3282
11508
98936
27087
68704
26818
50596
6008
99913
63334
1727
57584
74628
88230
6892
61870
65504
87134
38594
70801
78361
53382
60216
90010
27426
58269
59790
23762
55765
94555
6149
44326
40647
65695
58487
27133
81781
93653
2048
97657
78732
25522
54326
48581
97976
79569
72784
47852
10434
11471
77368
67986
27314
61795
7684
78831
10403
7143
71691
78225
9536
52021
41740
63208
49396
40014
24529
33770
11258
44564
71299
4313
68305
86856
5308
89434
50703
30911
85497
42394
43232
39216
33673
58381
26298
77192
82833
12386
34096
23660
68759
94912
47079
94698
1302
43567
98389
27053
73642
96695
39040
99064
8208
66507
58718
6721
21334
31628
59850
75041
45489
47559
77531
8673
52549
22985
45462
86365
30860
18592
45408
72035
22497
59971
66372
7269
74161
60107
59850
1029
9826
80107
12661
54474
76395
19378
48683
54037
92442
29681
80219
89509
24409
24679
96887
74545
60162
2499
62287
47958
10986
37010
8939
7398
79990
29622
25330
66333
55802
78517
4402
24047
4634
14330
67750
42745
85878
55651
87214
90723
7786
80923
10063
80937
64477
54481
12746
70888
97682
63389
58147
3791
85036
80056
14702
13708
88287
30693
39428
54503
85965
9603
96671
30857
91349
96441
12304
63964
77215
26614
75204
85086
30732
46802
25197
42287
91911
35878
30537
9618
65715
78948
2739
20986
66496
84503
3794
87729
66453
26192
25396
82732
73806
2386
80696
53286
31008
91674
26325
29831
27
52728
89806
6235
60291
94282
67035
2356
36905
8015
18149
60459
50763
29638
14400
77152
92982
4270
28799
35863
36133
85169
82952
72229
69495
46223
96
19542
19555
68412
78996
96319
64355
67169
19721
31564
83912
48214
27533
42434
32743
22087
46501
23085
62913
18012
82360
45207
87598
24017
26400
67068
34995
37846
33005
5382
80328
16662
45264
81040
17869
66276
40725
52804
16829
56675
46137
55496
70923
28671
72705
33184
73640
22283
85379
54935
23984
56094
73972
25624
72255
17139
1727
58341
37261
82219
31795
2461
99331
36296
99567
82537
2780
58255
39506
49959
49295
40227
75893
9992
66758
24863
22748
30979
20684
19044
99471
61049
13851
31211
92822
87471
23367
58614
15552
38818
10487
64329
84225
35302
36106
10127
81070
77170
93519
19310
69332
12374
69811
88368
86627
65046
50792
92655
61609
45076
78000
47603
91978
75045
3136
68208
21244
4419
33340
78062
16006
72914
16783
97100
93024
67176
36000
99766
79982
4647
63344
73673
20841
85746
82588
23142
8051
6177
19066
77378
28108
42887
82592
1306
63131
28626
9522
54566
98402
966
5595
70315
29540
26113
9789
1992
88051
20673
80737
45768
48695
79356
26180
29325
53153
9782
67291
80900
48007
13521
36423
34952
49113
37524
64438
99312
23981
74308
82404
11971
72919
52712
80362
99751
11123
29239
66021
76148
61624
16536
92202
7367
52734
16085
85039
85050
90414
14885
3252
14503
44813
91407
5093
2840
28664
81867
10891
60251
56547
70319
48590
563
9954
94802
60763
50853
96055
71779
28820
80942
91490
67526
97861
94366
25476
18920
76328
63403
33265
96696
19735
72314
77857
72191
46893
34076
86466
50272
48017
80169
81750
91029
89632
21243
93575
89389
51190
50421
6245
90883
71943
51719
83318
71716
47301
63327
96143
542
7253
25809
74624
73946
42041
12523
78440
6
68678
7060
10019
14713
54306
43859
76038
55131
53327
83678
13081
88103
78191
43000
81894
6726
28870
99822
22417
48875
3952
84341
61931
35557
92636
84204
47538
29035
86111
71646
71783
94011
50661
81663
7449
44151
90301
28636
84364
2333
71435
36822
30525
1372
99015
24970
77566
10976
7379
67710
80710
71445
18531
12220
54881
82040
40269
9925
20824
31310
86219
79681
16751
93734
34922
48592
66071
37684
96801
54303
29656
44297
84140
39570
18509
29378
29738
25801
25241
78270
41346
65074
16998
84987
46894
18509
60958
85224
24497
77578
2717
53172
40811
6412
48535
9079
2063
3392
38603
64852
95151
86219
81898
37211
12076
61693
48987
42278
10016
48589
45716
1310
3144
97998
86240
45700
93939
4206
46396
5724
61179
36808
46077
19994
29180
71878
41483
34390
43119
98888
16994
44756
72072
2588
18645
45575
75180
68061
94655
903
45206
34438
59132
37650
12771
35587
88104
21101
84116
21741
50383
20378
30327
66903
78638
42735
70245
10755
8635
63726
49795
54341
47384
37303
76567
71501
94652
18
52197
35679
24178
38920
23873
38604
28567
54355
13933
99315
15885
76889
51863
22188
42792
93635
1089
45540
20211
4026
87881
79550
70872
58312
65270
76756
84539
47036
29522
85831
73726
57328
77730
76140
88829
79162
2635
60644
21486
57605
83176
34986
51434
79116
33221
50992
80618
58541
60899
8411
62764
23381
38204
71561
49228
61683
79721
19396
13224
40787
44342
79808
47669
46422
35928
87866
32189
40449
31662
90403
32581
96376
80841
24930
39738
75407
3273
23954
31570
93534
47342
68400
67281
24569
92646
88118
8414
80517
26216
91270
55867
21804
77874
38893
27199
14773
928
19296
19206
19891
87300
61799
47342
82928
6077
22691
48689
51781
87362
39215
53779
10668
88253
4880
20793
19446
36542
47325
99451
30502
87593
29040
28753
80295
4650
12906
81083
86909
66848
53951
74837
51754
52107
21588
53410
20550
47418
36909
48719
90394
49785
39762
16477
96477
95788
91647
2301
14420
73280
38983
17847
67612
48527
76067
35039
29504
5420
7471
95988
50507
58249
95743
78583
46167
47737
38032
58525
21046
26488
14031
36461
56170
23750
56195
16230
14964
86152
96236
85851
25092
34818
3573
79334
31273
85937
6733
12376
23529
1531
12101
47459
39513
75453
16277
10008
49504
73732
30252
1623
33450
77158
63165
95893
51324
16824
70972
43776
44215
50715
84204
38268
42500
23668
12291
66598
63585
57277
71484
11323
51950
48927
84473
49640
45427
65486
18263
24275
82161
29659
76535
17198
21941
33711
72282
15586
35094
27741
18247
63558
45633
60986
24948
4773
55150
10975
37430
11895
63601
7509
52834
35875
7951
97086
4005
57889
43078
44572
44407
46241
76370
95950
33560
12032
87013
34591
66420
75328
35622
24929
32237
29668
32855
19166
26309
40726
49363
3649
97173
61350
34428
60628
67221
68620
10394
74159
3890
85340
20707
10932
51032
17478
11861
47374
17862
28972
18886
16942
48497
94341
28044
14417
70726
41531
19051
91537
32220
77967
56342
85330
36273
66296
62563
93443
5706
44182
7279
29791
68452
40701
28024
80804
65328
23429
90995
90679
27695
71313
3276
62283
51756
75992
59738
13758
81481
8271
70210
38331
50612
95858
94540
72952
63907
6452
54269
86075
31542
97891
44374
18329
28495
78485
39900
56201
79262
92817
85707
10534
13873
64026
88572
85727
672
16067
60325
46274
62078
92566
87253
20701
74889
21471
19421
78619
36989
54847
4889
80527
40853
58737
1296
24110
99148
25514
76183
71204
54974
16953
99246
55803
95245
17632
16381
26687
23340
27561
41401
9463
80266
11333
80292
19631
48550
75058
80826
65056
62619
96823
38885
4048
35000
91028
60286
80661
54355
95126
44182
26416
78469
48459
77711
83841
53485
36745
36986
3619
33774
56106
85573
53499
85571
88909
7483
20307
3141
73759
62585
2524
48411
94650
1113
25458
36718
9951
74300
92592
65603
77227
53123
38467
55285
41503
40125
61449
90179
72763
16120
34669
68866
92176
86640
89443
56899
46409
17047
76157
43825
337
35647
51744
12727
73468
38245
35026
54912
11812
83027
42645
31069
37927
75143
8719
72615
29480
37629
76960
2291
29790
30490
49186
39485
62845
43087
77325
42765
4703
25206
54115
5962
4437
23837
82214
43375
28298
23373
80609
32706
96491
54635
35978
61429
30327
43930
97676
44259
16316
73053
283
90778
9776
86145
22684
37341
69888
45619
17452
68941
77604
29268
46268
56027
45180
51294
94420
77480
77121
25334
4526
55503
18277
90253
79390
92413
50980
72419
2169
92717
20884
59464
43355
39521
62877
9821
14257
69879
2607
41810
47744
54555
3312
30335
96714
94543
92176
22853
77387
5535
47073
21927
33368
27082
15423
10058
77995
49860
91073
92481
31977
91923
84118
75226
93055
4728
48179
94584
25217
56982
97317
22288
74510
4090
56816
93938
91968
61856
69401
87719
79137
15771
91138
21496
43305
62431
27835
45187
59498
74412
34395
11269
18180
93022
59716
91488
39970
54286
96566
28457
60883
15643
16462
66987
18423
1405
59735
80752
4457
32004
79091
44763
59540
89312
94909
9890
21068
72956
35728
96605
92890
41948
51227
58182
35997
64753
19769
3438
39154
17056
16090
46385
91079
42623
77617
42523
78579
15230
36453
1608
13559
69904
31880
5598
10205
69408
26207
57543
45096
21629
97697
42357
10249
32354
96711
93451
93231
59077
82987
51079
72676
59146
42662
2818
23178
49867
56202
47697
57928
64501
19696
31104
87409
79164
14812
93604
94546
39173
75941
95275
12104
50115
53206
52247
57808
95396
59725
66535
4335
88423
80257
26313
62923
55790
13729
74477
19184
16028
25121
99583
56722
11382
36019
29211
37021
96899
36803
67992
63415
27450
78526
32437
28962
30730
28284
56376
33433
72739
74610
65212
31809
88667
32571
30116
5532
56809
33794
56398
26442
11625
67550
15859
40719
38450
62640
88069
73557
85770
62437
74744
68319
81472
51489
39196
46590
17695
37304
80146
79573
95861
9198
26829
45887
66250
44570
2382
21116
17269
36748
5744
16650
69399
44632
42897
1556
61285
73194
43852
65421
58000
55571
68203
86773
95013
66992
24388
87653
8285
96646
32257
94307
83880
76148
91113
27052
18772
29588
76510
99917
56578
95658
77028
57411
13868
31949
3795
40631
65755
22231
24668
61421
94609
1677
5851
81430
45292
876
68726
97358
98414
9958
62618
71615
87265
27891
13599
52285
15202
56658
14669
91203
89600
55120
67270
42338
40803
86971
84884
40704
65325
50503
47736
57081
2187
87036
51832
98860
19879
78843
47199
52114
41422
93435
84963
33414
36110
98858
10063
97949
25098
23559
42885
85436
85150
78502
99710
1906
18016
60567
15772
71242
28682
96480
1192
63258
92886
52017
73380
42704
51474
86899
98906
92617
15016
47830
58399
4043
97041
63235
40202
38841
39137
30839
1370
54510
53247
73872
28241
89291
68601
14208
10167
46301
48690
67649
14538
4230
72821
64533
43227
66730
26749
60463
61911
50439
47479
42962
29688
36698
16152
69731
36773
8829
50626
18386
83833
53352
86499
61208
65384
85192
67716
97187
88320
84543
65589
87133
19260
56027
2084
27366
93308
17082
52618
49262
7527
81202
28639
31486
52003
24243
79423
8884
6748
87293
35626
27428
56333
50186
18498
96364
94268
85057
10029
20634
37297
15596
85111
14166
41896
30604
63713
74513
46664
26919
25587
53412
89086
57431
69403
55682
40800
95566
73932
20936
76796
89482
15692
78565
41635
35452
7285
68371
64909
16923
15784
85312
75084
88984
42399
50490
77717
37233
39333
84281
15699
37750
13292
4919
49393
83369
30687
68421
79676
58872
592
18991
25351
19146
55076
3354
45168
10367
95447
37678
39169
66904
87859
46524
55779
83947
63311
7713
26724
18240
27220
736
46025
60817
97690
45772
56635
47530
80160
65813
62143
54353
4312
75626
87456
16045
55705
76117
77383
13317
78422
610
95877
93753
93423
45183
84348
56243
14877
35916
9385
96347
34586
54576
85010
20617
77444
74057
74718
73381
27137
79988
83283
44923
9946
21469
56857
22057
15145
39134
25477
36433
12852
94512
60553
55838
20952
31627
28173
39792
51058
4364
98697
81999
74301
80350
70588
44684
50853
48266
53555
69317
52422
61014
74999
21418
20047
13945
55920
19692
64478
3067
57825
65602
33942
81745
79451
77731
46047
5758
58339
62621
39656
50824
92963
84472
67959
2100
10703
24394
79281
24592
69715
46148
50928
57178
54520
90096
16290
19332
840
74477
31513
27799
83022
46874
56915
10381
45102
10298
27432
65572
15954
82502
54307
30630
95438
21557
92270
79163
709
61824
53974
73268
19449
37932
32611
46763
45566
25598
72188
35472
41187
83380
36556
26153
94589
77520
24448
93066
29245
85395
43415
23538
45382
51706
6596
22460
73269
71474
22827
51690
65897
30611
98527
47015
83257
35439
35674
60906
45463
31766
29809
11237
79028
84174
86167
34228
73137
78740
90601
7319
51182
62561
86454
50688
32014
9840
42305
49193
77769
41936
86622
1057
19801
67104
790
41274
55341
4470
17780
32035
6446
37932
39071
88452
20191
32686
17695
65528
33304
78749
41222
63091
9809
2816
32625
90873
38806
44436
51796
44229
47644
82726
13549
95604
9330
62383
56793
56363
51121
79555
18858
17548
11024
98168
23002
2700
37396
94930
81763
2887
24402
94103
81585
31821
87617
45505
82386
25753
96537
18311
14463
21707
60629
75734
39156
81667
82473
28643
16020
50165
90371
44732
43233
83536
59494
6340
83237
51108
90443
91212
617
25867
7260
91386
83260
22289
81719
92779
77891
39163
59294
89468
28122
44683
17472
76348
70149
59459
69026
94859
37957
95122
69026
59729
51898
2558
39580
38456
82241
29116
65760
26531
21713
11490
21509
39979
68869
71343
29309
20728
48553
16523
69011
55466
35305
12756
53073
18705
57875
84864
8412
30659
32137
83997
25086
71577
13656
70737
87331
41056
80554
27026
4110
11689
509
9103
92604
48638
51995
21433
51472
31593
34586
64665
37056
96531
34136
41779
1643
980
98247
51062
28984
3597
98507
96674
82838
61237
18863
71942
13965
68981
86355
57064
99005
77996
12931
97819
59490
2675
54916
30220
2895
17885
59358
97851
2673
82359
73152
78970
93039
10311
11512
70323
63785
1579
3955
39314
75439
13626
51977
46552
4224
46349
51334
80470
69577
77763
95883
30042
34033
95540
59149
48333
8579
52540
42305
2055
13450
81901
70283
65731
50172
3967
67050
63809
19705
24539
80667
76954
18607
31697
48609
18570
58421
62141
44344
12040
96776
50571
46970
76000
72097
15158
71706
60662
97526
64995
83192
90013
59575
26760
41967
18050
11210
75674
63808
13983
71794
13409
31017
80689
4812
15884
12867
84072
84542
53504
78008
1608
95215
58193
44354
26791
85647
46653
22206
50659
47377
57623
6794
81154
48938
62680
81244
85314
24240
85585
94162
72312
57916
88705
70188
4353
80603
85940
74792
66901
23999
85900
31731
85477
50489
41333
76518
46154
72997
25272
36352
80207
9450
16710
43785
80950
70580
64341
27904
27997
48480
11403
86849
25693
30619
96724
89904
94751
657
55778
21345
12611
77101
57311
29188
92690
25982
7451
89314
53640
60822
68740
65153
78916
7266
40615
31927
66690
28816
68542
90979
32707
78769
48896
60744
15416
83039
15278
49236
60474
72006
13603
80997
23321
51960
21066
10121
85737
50655
78656
29178
99688
97581
4845
11910
39761
28052
82341
7712
79865
82450
44725
5486
57017
42645
54716
1432
1872
40006
20597
97363
14057
22545
80221
91701
75646
66351
39313
84116
54871
92432
32129
11625
92225
5180
19861
36290
45175
24455
54778
43027
70554
3723
32892
59686
97718
91123
91169
78743
21673
36780
89457
24825
994
57335
21351
68823
94522
17081
11111
86686
67040
35505
10477
66182
85992
79565
96590
545
13753
61172
94393
42754
1796
89867
42624
79693
69706
69552
31164
82050
17083
28534
42104
80970
74758
45189
58301
80227
12050
80743
96363
25871
99570
58784
22352
5784
22029
81927
62394
49992
12392
16497
19375
82756
63351
16939
50784
77504
31973
82315
67587
4830
99785
68755
80098
94615
85747
56488
30382
72515
91106
82734
14497
35721
94900
30595
21368
17539
61711
93564
75392
14436
49794
64216
52193
7423
87480
4566
93052
79295
55931
45690
36864
12430
50766
93215
16730
12452
45506
18774
60365
99506
94545
78085
51206
10933
24359
46211
90694
65880
62462
66375
78799
16704
83647
15198
85554
93707
15631
68358
87519
19212
3984
95789
54764
12268
53761
50989
18564
92854
9863
42108
77482
39183
83095
97154
49991
49873
79826
67153
94667
47646
70913
25677
51754
27131
97570
42802
67316
26164
91000
79862
94518
5474
12214
10605
44798
25974
22482
45228
21926
64940
17984
50148
63213
9869
90171
26283
14592
44021
20025
32891
17217
85584
41901
37357
66952
9986
70999
35124
68694
21189
67076
61002
77997
58529
15735
71860
49698
93486
41359
7645
79304
25077
3484
81364
29522
18440
86164
59271
51284
28179
20028
49009
84405
38670
72412
2334
88937
58040
95624
4821
12140
5716
70371
45798
83440
5809
48550
20506
53984
78698
40206
15086
98097
47299
88524
95568
55134
27283
23708
51879
95253
96424
69388
44914
58475
3050
90993
25460
89485
41921
37414
63121
86847
29428
75154
50347
7841
64146
7720
38398
37776
27341
34071
32921
71296
25582
49987
43936
78008
76374
14818
85145
37532
44872
53358
43787
6279
74952
45342
79126
75670
27162
38631
81303
35771
90169
96634
54667
57992
78959
8953
17593
45185
1924
37358
61917
21039
84181
78548
9780
37811
43542
31315
52488
10272
66767
49660
59850
33063
32546
29752
36054
6808
39139
20357
76769
28203
29164
12244
65800
13755
7588
54129
68517
89001
31285
50092
4522
88552
25319
53894
1344
46115
6078
61229
50539
8440
62053
20860
23203
14752
40634
98069
50768
96770
66661
95025
91171
16890
72191
42872
56008
19748
97935
14040
29595
44067
52186
64452
84362
2015
43441
15329
17760
1927
20946
54199
32052
43403
67764
23189
12563
40746
9407
56371
28522
87341
76969
86757
41006
11574
44082
17358
55211
99294
747
70659
25026
76647
38271
64764
85658
97102
40012
50536
33239
75444
96249
94504
51855
33794
2104
69910
38347
25481
90176
42200
29789
94293
32612
66601
31668
63740
36429
89976
41607
31640
30194
24445
99191
70883
92907
48790
40739
9321
40094
60651
16937
3942
59137
88032
6844
6498
75006
92574
13921
15145
95389
64774
53537
81082
13524
84965
61138
10821
72612
57985
27673
56207
53781
27533
74065
56016
89774
9648
68576
50849
36642
65678
7966
69360
80257
65099
24198
68938
55028
54439
16823
57776
93032
51989
38775
25903
1912
61363
70763
38239
94302
99949
45224
10377
76183
41048
67247
437
75809
69424
23604
53627
43995
98851
56587
65711
14913
21347
77230
52273
19270
77863
88093
72061
13917
17899
35047
55427
24676
23557
5186
73844
2954
1714
75455
98720
3037
26597
12208
90893
17479
799
32239
90821
66250
20615
13028
49079
55822
77578
37062
15554
593
92714
69055
93735
30317
99727
47826
78487
63277
94000
51278
24404
72151
85340
45870
35322
88603
39046
88555
31513
47826
82084
40382
18614
8710
78555
88124
48699
97173
8281
68052
28430
82230
58063
65035
85135
33821
5412
6830
61787
65441
68617
44150
99272
24111
2744
46783
59674
26798
88160
91341
2250
64442
59406
87071
69945
80153
91562
59062
61682
16471
80824
3939
52550
83044
21612
36373
69841
14041
72830
50823
22010
29891
50660
89806
45027
47705
90411
72351
68898
73709
62896
75408
20984
74823
6579
52684
75254
71029
28454
78101
92403
22312
82392
10579
66324
86217
67631
93287
95977
22406
37198
65769
16731
95857
67941
8205
97892
38418
36347
98687
66162
73408
51112
14588
70048
53938
33483
24560
77365
5850
30040
25325
51024
27566
58549
23966
69504
23043
6112
54935
93404
52866
7404
36861
99762
70956
21197
80945
83922
14107
81151
45358
60684
1438
61334
32938
46954
28527
29664
18526
40987
7518
40268
9413
19297
1575
49596
61330
29049
36351
68982
5458
48363
6648
89686
60612
5646
37366
99660
20506
52820
61282
23164
78459
23286
42082
99384
76912
2724
18327
1816
52711
89785
63834
68382
13150
48693
92231
80578
2809
61195
8344
31340
78873
6324
28025
47944
47236
4756
61509
59455
5184
70309
90277
39298
47084
59951
7706
72048
20264
70199
72934
87646
26346
39066
92114
96805
59921
45838
99938
86050
83604
9147
46145
65724
74457
51866
57246
39306
83899
37346
42401
18120
22034
95119
96241
4577
65413
54582
94847
44101
13085
6114
33763
34035
66267
39870
31899
65017
58312
29395
60947
40768
76956
36246
23327
45812
29429
97815
80135
10439
14395
56107
45796
97744
70789
73264
68830
84654
18023
31828
73974
43816
52728
25712
28050
16314
26665
31738
61701
28990
30580
76926
89583
97567
82307
61695
57316
98965
24383
76795
59585
78068
62860
5842
67232
55423
22158
25893
14192
40998
26036
63588
8112
8381
23529
59339
17973
61791
96022
80839
27934
95626
71751
71386
15329
76427
93619
17839
6101
1953
12609
85010
38370
79553
89395
99759
83250
10784
85201
48423
38748
91048
95924
75719
68032
27739
44560
26768
69385
30552
93562
35434
65612
6029
31799
3931
32658
54245
54948
30899
65698
72981
84646
60270
55361
66082
51633
86218
53923
32245
81425
98094
76956
32124
91045
36293
87081
23744
62685
58223
19534
21979
35771
35642
34233
49457
2557
66864
65882
42192
64121
33083
63799
88761
49838
56329
26424
40166
4346
72543
66707
37566
72989
24306
38029
63113
2617
18010
34956
63710
82607
28428
18083
88760
37679
36926
69515
20609
722
28786
93065
84146
71239
60459
10759
90009
97190
2024
76715
56142
54199
21624
21099
98754
88668
41566
84508
65087
83720
96039
85470
66330
89118
63084
5332
44150
18582
48955
93755
96535
66218
25870
937
91679
54095
5435
51671
87354
37581
40774
65431
64266
98368
94493
56186
78044
46776
95556
61408
36432
71120
56972
50254
65215
40731
83677
62445
57956
76291
48484
49737
24058
29550
76681
84616
28645
60602
77644
7035
80998
31307
50766
3344
24578
19328
99335
41945
87326
5043
20841
65346
97654
42474
13718
90936
58211
87841
11254
87764
10160
95573
243
5394
52395
22282
57779
45408
3847
1892
76737
91600
75567
66694
25453
39124
83171
37383
430
5864
6957
14286
53560
16076
91121
30738
61810
62764
15192
35959
91523
24174
3799
16864
60359
69624
18954
74848
93404
66803
96204
82481
49550
19636
62969
52109
71911
83706
72910
46894
61163
1829
36101
16556
86225
44211
45448
61064
90711
36171
20739
16964
56517
49369
94997
47817
65371
28002
73472
9307
51931
13140
92833
5741
66791
62432
82534
35473
26767
47009
37376
25885
27856
52774
47111
82759
74761
40226
95422
23318
34836
71931
1675
85430
17002
1251
68006
80752
21373
76792
14712
84034
81255
57110
59146
8302
45760
83066
43672
18415
18647
31719
65888
67749
97458
71132
64715
56378
76836
75729
79771
77920
34498
81665
23811
31948
44763
21390
88852
8320
41101
3503
71977
80797
37257
69924
11603
8977
39026
62671
84126
69337
44710
80024
15835
15948
43013
85683
39869
32774
90734
28474
47796
93215
17633
39732
92068
25833
43212
27086
7923
32912
9210
41785
89047
11749
30279
73170
71001
55399
83228
56973
28391
30301
93388
74884
92081
34205
15005
17698
28603
98133
70491
31263
12381
1860
87467
54928
51915
75823
90058
4844
83594
20157
39242
24583
60658
10022
14625
23422
44408
34933
70187
42411
709
8806
75324
82520
85177
58055
46304
263
17165
97169
9380
10828
21121
37666
95012
43031
48996
57454
89147
55701
71188
68484
4266
24772
39085
98368
9996
67791
5299
62039
89311
38594
11492
81657
83088
83154
95026
85083
3994
13717
99758
19281
8518
77438
97220
34062
3128
17632
32851
44451
74959
75651
16345
46827
41398
83999
75281
36345
51850
10168
42781
34203
99267
39502
74365
76891
24693
55613
68662
15779
77123
19998
88001
88568
2588
47512
66395
55565
70248
60516
34
24909
63456
7184
18808
48159
73974
70779
95159
88348
4652
53096
53372
15929
79140
92520
77805
52267
85329
29346
89163
46690
37013
41217
48359
65072
62294
20580
85442
30165
11650
99329
42514
89818
10352
78651
76980
75119
14194
14441
99282
24898
67771
44019
7003
14395
71472
14982
12805
77183
46544
85915
89168
1285
26664
34400
15830
27832
13031
70490
61421
64170
41652
56003
72281
84624
30074
97298
27927
43855
78763
85198
81254
79926
97515
9817
24988
73295
51009
11831
11758
99499
7768
16621
30667
9272
94100
52252
26230
57731
97324
97903
45522
2564
2233
92261
12711
50892
10269
29150
70518
19991
34963
25499
36769
62432
82423
2739
78592
73047
30844
80151
72067
5840
82382
31646
40067
87448
15352
71374
15008
95196
54022
87855
95313
62827
45139
60006
29663
82525
12750
89371
90734
14957
96023
6015
46026
63420
8406
84898
41822
70689
84351
57103
55802
30039
62828
53158
22493
31741
16232
94608
75360
98911
56906
71141
19579
97498
83418
94259
36396
92046
32636
32633
76495
62027
8675
74621
61335
30169
45233
30208
39512
83131
45642
69295
80208
82836
12344
87383
34775
36055
47621
80388
72962
17778
97095
47704
86972
69116
14787
76146
46659
22542
50721
58563
62329
71027
99309
54789
70335
14862
95790
40843
2045
11145
12213
55340
35436
87875
20219
25807
67958
9056
70240
75765
34507
6874
19829
40178
98126
52668
58298
57582
91548
56850
22408
59088
31966
24771
91710
60070
233
41127
41517
6494
37484
85374
35185
76272
18265
28385
75073
61093
56638
27375
50431
14892
85104
48976
57183
57951
44108
71785
28466
2795
28425
62319
4895
84587
36159
77037
62733
74544
867
38924
2807
18432
83377
10138
87361
80635
40202
55443
7707
69979
87466
44204
99476
77294
85311
44327
80323
39883
3349
61897
5218
59719
35762
6715
41547
57547
24236
20339
24900
58466
41218
19870
35112
97148
14471
89690
57449
11324
53018
82849
16383
68697
65906
73506
91904
22696
58897
16001
4791
65880
63095
20347
59509
94132
13419
49212
44964
76637
15657
29151
35060
90916
14067
36498
67776
50776
54686
10472
59820
86307
93896
47662
1380
25218
35270
66306
84830
5953
2593
59853
85567
83474
8548
17876
99136
37613
57133
18999
53406
72052
27556
48802
83622
39549
40957
4097
87763
78746
51105
22762
50640
11946
42898
46606
19303
20096
28780
6213
44957
83227
7237
10865
71999
92817
11218
82258
54855
9259
56136
89024
39677
15330
4906
68847
18676
57518
8821
36572
39103
74202
95523
70681
80736
76388
90506
43489
94842
54455
34153
82145
4859
52641
6494
66298
13541
22385
63405
30447
46966
61923
22672
28857
13767
61181
95292
31869
34316
9176
76092
67771
72270
87587
47214
54044
5034
71858
16121
7977
76424
19002
40885
28935
65619
31101
32657
72611
29942
34978
93943
17770
66466
47826
91847
83917
90218
74880
61207
28703
76747
48288
75661
80906
60281
24981
97083
41358
30150
62452
50018
30745
84409
54674
14237
29815
4566
46806
65122
69508
51860
52015
96766
54117
81202
1607
31853
60859
16610
51545
61134
5718
60991
82386
71919
64369
1600
99870
73433
59121
24894
90232
8878
3816
65343
25703
22455
38360
88491
63454
16756
79212
71736
56668
78713
1562
96372
64699
23123
215
75129
17923
30836
97835
41476
50875
77432
60549
87626
45521
82661
63993
53455
28732
47088
81358
5810
66170
65377
38179
86036
63165
11843
73379
24493
85384
28660
72819
31463
56459
64052
70699
22080
26288
89197
14621
70516
10606
85602
14759
81034
76326
46211
49382
70984
99905
47749
54465
43852
68976
28134
38409
68614
96558
62457
94236
44217
55303
61817
92290
68756
43019
1844
42640
15619
42811
92248
14662
50141
14265
13301
92863
15863
78828
32333
45797
9612
80289
35893
59756
15115
20009
73480
67756
12393
11919
58874
65108
48170
42399
84296
47651
36158
69345
30866
83217
9181
38718
63385
64560
81294
92062
65846
72615
28855
39763
9513
56121
77558
36167
85872
12950
53940
34664
98313
7940
50256
17422
83430
67489
93907
2697
10630
85092
25736
15039
12087
38423
49420
76548
71668
92142
97187
11305
97063
10780
41228
70886
7602
90270
42969
78511
86906
58360
47064
54163
62315
96002
65411
39940
98569
37334
45505
66536
53985
21636
31273
10939
58258
16899
70940
12776
61434
90851
24690
24135
6735
84617
69140
97636
27897
90493
66299
1101
17396
48725
80795
65330
56249
47805
98784
9308
39872
81034
51913
29957
42897
58243
80213
92404
46796
30307
72707
94147
37008
438
11799
65242
14478
87904
60368
76389
51074
85786
44012
42080
27615
65720
91862
23682
58354
8132
35353
76589
47456
24326
70193
15965
37956
71938
80702
82094
35740
6178
68558
13089
62532
80935
65476
24840
85945
68798
48747
35879
79466
31450
12451
23697
269
49585
75896
82254
7755
61650
97196
69229
27171
64290
30366
28989
31762
93357
32389
87880
28396
21887
11889
69361
27486
99900
34367
54967
25146
75520
46006
5125
3745
82170
87934
34936
75779
49882
37529
98446
63541
34335
71050
266
93945
9068
45145
86734
40034
57797
54542
47291
58345
8635
90615
96149
64116
11894
31964
24004
77047
71976
84891
29232
57817
26761
21399
53311
20337
907
56101
40348
63294
79546
34711
52161
51740
53411
8370
82820
95207
86591
11514
33046
73085
81764
26764
7286
36015
92186
97714
47674
15517
92435
37895
32060
37770
5966
86480
198
85032
86816
39276
81512
60258
89637
52551
53490
50654
31431
31744
7957
68944
99565
87526
15153
4812
33174
52308
1532
89893
32367
42299
46907
75218
41036
49796
70829
34505
31587
37356
59575
2494
334
39755
15132
72920
46710
10288
40844
61829
16830
64719
30610
41718
62171
67852
83365
94520
21216
76780
7959
58730
33433
18589
35433
52646
37538
85344
64962
13292
92799
67245
61204
83705
49738
36932
93279
96044
65267
39571
81828
56777
8027
8253
79614
37018
36416
33157
18762
2846
55893
21592
783
71200
76735
25818
79030
62506
33567
35709
74109
12557
82763
46252
98440
96724
71945
51013
90240
8046
65557
34940
66943
56346
95673
56181
65349
80332
75325
42006
27651
74138
87693
11657
4838
71220
38091
93765
86639
84023
66626
67870
54784
33538
42107
20363
15436
23016
21337
67162
40064
30727
23806
92458
55530
59197
44907
36777
2002
95687
1847
50396
60660
99583
1606
53135
17944
92546
99885
99718
9306
67743
12595
87547
68657
75111
10992
16395
59283
87802
16035
42526
28045
54687
98961
30882
97567
14665
28905
2779
74509
34122
94530
36270
74813
72238
94583
27503
52383
94940
81729
2707
74072
23679
43547
33572
76707
40690
7513
66752
12996
96795
3548
57718
50830
99082
55701
97687
89252
63886
30534
17688
77116
93065
44144
64774
42327
37669
79010
55593
99926
32911
22561
26876
5853
90243
11306
84049
82008
64824
22937
90130
26621
46115
16436
82749
96918
30621
97529
82835
86181
6857
88849
9649
38253
42996
61061
27150
57534
37344
27560
29832
90406
22563
8223
11363
67578
30157
23658
56060
75923
44417
54737
42687
32366
92243
27287
6463
30251
76858
34894
68469
79148
59856
51473
12591
34061
21416
34845
82433
11869
93342
71405
46267
77451
13022
51981
54375
82366
23729
34602
7364
32647
79388
90062
92868
49843
97327
71699
82130
41096
92445
95063
83422
91758
50234
72891
51842
85582
6116
29649
19558
19425
12742
68514
67530
43693
90172
98946
76083
6281
64624
56403
66070
73087
33469
625
16186
2561
14469
75960
89960
61629
19809
4576
94981
84179
75969
4061
94253
80439
82768
77598
66393
51920
29921
67889
80323
36521
36696
26080
36818
20675
10418
21400
77999
99964
52699
27118
84378
48934
2023
64384
31023
96093
57300
28990
9344
54604
68890
120
82316
18817
3724
37156
57685
79655
29246
52221
37592
97749
70153
93305
25639
29019
77227
57506
62892
72785
69216
31506
98279
3624
22628
6445
39936
95007
22830
73783
99707
60248
71555
10148
65708
75116
50601
2718
71667
43224
22369
89108
73679
92766
76006
55425
14787
97310
88062
69745
66853
56863
98447
49913
6620
80510
72628
97510
94029
79528
92539
96423
66616
58186
12546
46786
24177
88644
23281
80353
47747
8579
52139
34101
94263
93458
90474
36495
73961
55276
23708
38582
7218
10516
28272
23974
10237
2571
24885
37797
22974
61443
94276
36622
62462
36485
83252
93805
81584
52741
23306
5246
62439
16942
80993
33128
61554
33459
24649
20531
22430
86684
24603
94651
94937
63575
5622
26289
94581
53121
41518
93729
64685
55703
15471
23565
95807
86156
23340
84535
35065
22422
67943
2820
99770
9542
71304
63687
43597
61743
9805
31503
92674
37130
12080
17494
41630
78131
56550
38480
37940
13357
77654
78876
83854
37909
79376
37880
16774
46875
14653
21665
93614
22817
76152
14535
45752
96879
93094
88363
50302
71731
56148
88137
2640
15018
72515
13820
8963
48215
37551
6274
85886
10317
48129
89386
40226
26427
70395
56141
55131
59145
23764
8451
93278
92479
37959
40978
79518
44507
71042
20988
8312
45738
89060
20121
95945
2466
88621
81732
29486
79701
1688
56279
7179
38668
50518
16766
16785
9909
51358
62143
97454
15746
7720
39809
32288
46810
5856
51096
73735
65785
18973
13308
22177
61092
52257
63578
95305
5964
63442
98216
78983
57261
50579
49583
81683
77575
14401
40329
27913
48259
44353
44232
62518
77329
24671
87690
46829
91111
8207
82464
98053
63011
55842
73894
9396
70205
18202
98604
74117
66426
66046
4031
86035
71959
53510
80905
29682
5349
47737
19030
75843
50655
99567
42621
49997
17424
6059
77917
62588
73031
13613
51367
19508
56226
35202
53799
23597
90718
58433
1870
21848
93586
66614
37178
19459
889
72175
59472
61260
6683
49543
29909
44243
30993
24197
2395
82707
47082
47109
59705
38936
10278
55792
23664
28457
85742
75860
7190
82149
94784
68472
84013
2639
36146
12361
93783
12198
4229
41076
38813
66124
44496
99720
7502
10520
95308
99093
94735
53510
89040
83401
37176
33044
82927
83308
39484
78253
81539
94435
21955
52502
90374
44516
74389
92770
26765
58060
99830
50778
22221
42551
13163
95498
82403
79059
37733
53861
24777
99859
46360
83411
53630
75646
54436
79792
69014
47692
29109
51112
53985
24837
30479
2400
17396
16601
29477
92469
93307
43239
73339
38246
56563
38619
82209
49076
43804
51274
75682
78112
86
33637
32738
50049
91544
12245
20840
63213
28161
64150
73082
77735
14769
77923
71453
93700
8353
35444
64264
20222
67425
16752
17144
55129
78198
2908
26477
53713
92793
1783
9430
82460
65620
32301
83070
3415
51433
77068
58898
85416
97800
12702
88070
85018
26005
84321
58239
39952
16988
84932
11272
59720
81063
49383
17820
41030
77494
88662
97543
78774
49003
67907
35247
27009
35601
12387
89796
89888
83399
33177
41449
86586
44042
93509
14697
34095
33700
54676
23029
37623
82103
73878
25353
77788
57968
28865
40124
57774
13475
20714
69325
80306
98029
1179
20525
14854
13484
38660
38231
97009
47838
97851
50147
55729
32070
77867
94357
53825
1555
76310
4861
67079
25353
89875
35569
77243
82846
71440
13358
60137
75258
50867
23393
99228
18623
73636
61308
69517
10118
92553
48784
95566
29556
94465
38420
43987
65962
31670
99206
94764
96468
39702
13588
87144
56906
75259
57477
59968
15902
95824
42630
2255
74817
70764
60618
6903
87595
14115
63186
6101
44573
25617
28155
7592
71085
4922
66612
50740
24732
47352
96603
19742
4111
20517
63470
58314
74228
74917
17495
48961
11725
48798
88303
95306
69732
53228
38823
65596
7411
74768
85186
13712
80293
97373
5609
13692
16639
84392
77758
74048
28471
72303
87170
66704
57307
13439
44404
69990
79318
76924
16049
61275
24933
51477
57537
57455
16850
37565
73509
83723